-- MySQL dump 10.13  Distrib 8.0.22, for Win64 (x86_64)
--
-- Host: localhost    Database: snet0611
-- ------------------------------------------------------
-- Server version	8.0.22

/*!40101 SET @OLD_CHARACTER_SET_CLIENT=@@CHARACTER_SET_CLIENT */;
/*!40101 SET @OLD_CHARACTER_SET_RESULTS=@@CHARACTER_SET_RESULTS */;
/*!40101 SET @OLD_COLLATION_CONNECTION=@@COLLATION_CONNECTION */;
/*!50503 SET NAMES utf8mb4 */;
/*!40103 SET @OLD_TIME_ZONE=@@TIME_ZONE */;
/*!40103 SET TIME_ZONE='+00:00' */;
/*!40014 SET @OLD_UNIQUE_CHECKS=@@UNIQUE_CHECKS, UNIQUE_CHECKS=0 */;
/*!40014 SET @OLD_FOREIGN_KEY_CHECKS=@@FOREIGN_KEY_CHECKS, FOREIGN_KEY_CHECKS=0 */;
/*!40101 SET @OLD_SQL_MODE=@@SQL_MODE, SQL_MODE='NO_AUTO_VALUE_ON_ZERO' */;
/*!40111 SET @OLD_SQL_NOTES=@@SQL_NOTES, SQL_NOTES=0 */;

--
-- Table structure for table `comments`
--

DROP TABLE IF EXISTS `comments`;
/*!40101 SET @saved_cs_client     = @@character_set_client */;
/*!50503 SET character_set_client = utf8mb4 */;
CREATE TABLE `comments` (
  `id` bigint unsigned NOT NULL AUTO_INCREMENT,
  `user_id` bigint unsigned NOT NULL,
  `post_id` bigint unsigned NOT NULL,
  `comment` text,
  `create_at` datetime DEFAULT CURRENT_TIMESTAMP,
  `updated_at` datetime DEFAULT CURRENT_TIMESTAMP ON UPDATE CURRENT_TIMESTAMP,
  PRIMARY KEY (`id`),
  UNIQUE KEY `id` (`id`),
  KEY `user_id` (`user_id`),
  KEY `post_id` (`post_id`),
  CONSTRAINT `comments_ibfk_1` FOREIGN KEY (`user_id`) REFERENCES `users` (`id`),
  CONSTRAINT `comments_ibfk_2` FOREIGN KEY (`post_id`) REFERENCES `posts` (`id`)
) ENGINE=InnoDB AUTO_INCREMENT=101 DEFAULT CHARSET=utf8mb4 COLLATE=utf8mb4_0900_ai_ci;
/*!40101 SET character_set_client = @saved_cs_client */;

--
-- Dumping data for table `comments`
--

LOCK TABLES `comments` WRITE;
/*!40000 ALTER TABLE `comments` DISABLE KEYS */;
INSERT INTO `comments` VALUES (1,44,79,'Mollitia vel eveniet iste non. Rem ut debitis enim placeat dolores. Quis similique vero assumenda repudiandae.','1989-05-14 04:10:21','1988-04-21 15:20:13'),(2,7,2,'Quisquam quam eligendi quia sed et dignissimos. Consequuntur harum similique ad quia rerum eius. Labore qui ut libero sunt nihil. Natus exercitationem reiciendis a.','1994-10-19 20:53:13','1971-07-24 11:26:53'),(3,73,53,'Amet et sit veritatis ut. Id placeat ex amet molestias minima et omnis. Delectus et et sapiente similique maiores cumque est. Nesciunt dolor aut autem. Amet neque consectetur ipsum voluptatem omnis reprehenderit non.','2011-05-18 13:57:10','2014-09-03 07:47:10'),(4,25,30,'Nesciunt dolore odio similique nam modi. Voluptatibus ea aut impedit maiores ab. Numquam impedit deserunt minima rerum quis sed consequatur harum. Quo laboriosam veniam qui aut quidem.','1993-06-06 05:12:05','1977-07-24 09:47:21'),(5,46,97,'Ex assumenda est et architecto voluptates. Exercitationem recusandae eius maxime dignissimos. Explicabo quis est ad numquam itaque debitis culpa sunt.','1995-05-26 15:57:45','2013-07-17 18:24:11'),(6,90,21,'Nisi natus iusto ut quos aspernatur rerum omnis. Sint officiis similique dolores. Pariatur vel occaecati delectus. Tenetur dolores quisquam nemo eum dolores.','1982-02-05 12:47:32','2013-09-26 11:52:38'),(7,46,94,'Voluptatem voluptatibus rem maiores ut earum illum. Minus autem qui quos aut. Modi aspernatur et quaerat occaecati quisquam eligendi error itaque.','1989-10-31 18:19:12','1999-12-31 01:29:00'),(8,49,85,'Deserunt provident laudantium sed et dolor aliquid et. Cupiditate repudiandae et temporibus esse. Maiores veritatis impedit veritatis omnis rerum corporis.','2007-11-17 11:39:08','1992-03-30 11:54:26'),(9,42,47,'Sed earum nulla ducimus voluptatem et hic quis eum. Asperiores asperiores suscipit perferendis voluptatem vel sunt. Quia non ut necessitatibus ad laborum. Dolorum in magni ullam vero.','1997-01-05 04:42:18','2018-10-01 05:16:03'),(10,50,8,'Aliquam voluptatibus aut nostrum fugit dicta magnam. Modi dolores a ipsam blanditiis maiores labore. Sed rem consequatur voluptatum atque.','1972-09-13 19:15:24','1984-06-05 02:47:49'),(11,72,75,'Est aut et autem eaque autem impedit. Quo non asperiores facilis occaecati quos dolores autem. Et consequatur occaecati sapiente.','2016-04-16 00:20:59','1974-04-28 21:04:53'),(12,93,64,'Architecto unde nulla voluptatem aut ratione eligendi. Quia nihil ullam sint iusto voluptatem veniam ut. Velit facere aliquid velit tempora in sit similique. Vel labore quia suscipit quas ipsam recusandae excepturi.','2007-09-22 20:19:55','1984-12-01 12:36:15'),(13,53,25,'Non est ipsam dolorum. Vero dolores deserunt totam ipsam. Quia culpa ut aliquam voluptatem est. Unde perferendis eligendi earum recusandae.','1975-09-14 18:42:35','2011-11-11 08:28:25'),(14,49,54,'Odit nihil magnam consequatur id. Delectus id libero odit dolorum non. Delectus qui tempore aut. Voluptas veritatis enim reprehenderit molestiae officia.','2006-02-18 03:58:37','2002-12-15 11:54:41'),(15,74,62,'Non consequuntur quis aut odit a. Dolor cumque non eum id omnis. Sint accusantium enim quam enim quia itaque.','1987-10-10 11:28:41','1979-01-16 20:18:45'),(16,65,18,'Sequi totam quidem voluptatibus odit. Exercitationem sed inventore aut placeat. Ut maxime nulla illo quis itaque eius. Possimus enim dolores qui pariatur eum delectus.','2001-02-13 01:51:26','1970-07-01 20:02:17'),(17,40,72,'Incidunt sed ex ducimus totam non autem aperiam. Est quis dicta mollitia eum delectus reprehenderit ut consequatur. Qui porro debitis eveniet qui et.','1994-05-21 00:50:07','2008-11-30 19:59:46'),(18,20,13,'Quisquam repellat necessitatibus necessitatibus cum consequatur. Ratione itaque cumque eum eligendi. Animi suscipit porro qui. Ipsam perspiciatis aut soluta suscipit odit est libero.','1974-05-10 03:17:46','1985-05-27 20:15:55'),(19,25,45,'Eos voluptatem optio et. Libero ut et rerum dolore placeat. Est reprehenderit et at illo ipsa dolor.','1980-08-27 06:50:57','2002-01-11 10:37:19'),(20,43,70,'Est assumenda animi praesentium. Nemo aut velit eos soluta autem eveniet. Non autem necessitatibus ut magni vero necessitatibus quia.','2011-09-17 13:43:24','1984-02-16 22:37:56'),(21,41,32,'Id praesentium non nesciunt exercitationem praesentium quia. Est in ut aut harum. Occaecati quas expedita suscipit non adipisci.','1989-01-01 18:20:44','2005-11-16 10:58:19'),(22,91,87,'Velit praesentium aperiam ab et. Reiciendis sequi nihil sit iste pariatur. In sint totam et rem.','1979-08-22 02:17:00','1977-10-05 02:33:56'),(23,26,39,'Molestias sapiente pariatur natus corrupti sit. Tenetur laboriosam voluptatem et est et consequuntur in. Nemo ut autem est quia qui sed.','1978-10-14 03:28:45','2008-02-06 00:11:43'),(24,71,67,'Error modi fugiat cupiditate porro quis expedita est. Aut eveniet id nemo officiis. Sapiente adipisci sequi consequatur. Porro quis sunt sed eligendi ad labore.','2018-09-08 09:18:02','1984-02-28 14:52:21'),(25,86,21,'Autem ut commodi accusantium qui nesciunt ut. Cupiditate corporis sit vel. Nobis eum voluptatem et aut quis optio iste. Voluptatibus veniam laborum quas porro occaecati doloremque et.','2020-06-19 12:31:27','1982-02-21 03:03:02'),(26,75,57,'Neque nam neque optio consequatur molestiae et. Voluptatum qui tempore dolorum ratione. Unde deserunt eligendi vel fugiat eos voluptatem dolores esse.','1986-01-22 20:29:25','2013-09-21 02:12:20'),(27,96,67,'Est ducimus omnis eligendi consectetur minima. Aut et ea dolorem aut. Fuga accusantium ullam dolor officia vitae mollitia ab. Nesciunt quo optio sunt. Corporis et omnis magnam voluptatem natus aut necessitatibus explicabo.','2001-04-06 11:14:04','2001-06-21 13:32:20'),(28,21,48,'Vel qui quaerat repellendus tenetur corporis repellat voluptatibus aliquam. Veritatis dolore id et deserunt est ipsa consequatur. Aliquid reprehenderit aut doloribus qui ullam optio. Eius ut voluptas magnam quas incidunt enim repellat.','2006-02-23 21:09:33','2002-08-05 01:10:47'),(29,92,70,'Ullam excepturi sed voluptas similique voluptate quo nisi. Suscipit officia beatae sapiente doloremque doloremque distinctio voluptatem. Ipsum beatae dolorum est assumenda ipsa.','1998-01-23 07:11:25','1981-11-10 09:53:26'),(30,2,65,'Ea voluptatem dolorem tempore id sequi. Dicta autem et iusto cumque accusamus deserunt. Mollitia qui unde ut sit sunt nesciunt ex. Voluptas facilis molestiae inventore tenetur praesentium.','2013-11-28 12:58:20','1985-03-17 18:31:53'),(31,31,67,'Eligendi iste eveniet iure modi est sint. Quia esse deleniti incidunt eum sed temporibus iusto. Maiores provident quia ut ea voluptatem.','2006-10-14 22:03:34','1978-06-01 09:11:28'),(32,83,71,'Corrupti architecto rem enim atque. Laboriosam perspiciatis qui labore voluptate quis. Ipsa est molestiae quo doloremque ipsa. Nesciunt illum eius velit et natus error.','2015-10-04 16:44:21','2013-04-12 12:10:04'),(33,38,2,'Iusto sequi sit dolores animi officia dolor omnis. In rem laborum animi alias numquam blanditiis non. Maiores architecto porro et rerum enim totam. Doloribus qui possimus molestiae dolorum.','1971-03-18 14:03:16','2001-04-22 05:06:25'),(34,84,62,'Libero ut nulla cumque in et quia qui. Distinctio quis expedita eos molestiae numquam cumque.','1981-08-13 01:58:15','2013-12-28 08:45:21'),(35,46,26,'Quae dolorem minima saepe odit. Fuga ut nobis porro dolorem sapiente a. Voluptas eligendi incidunt quibusdam aperiam provident ipsam optio. Doloribus aut suscipit vero explicabo aliquam sunt cumque.','1989-06-16 00:41:28','1973-09-18 21:38:26'),(36,32,86,'Natus dolores et voluptatem in. Ut totam voluptatem et pariatur et nobis. Impedit et sed et consequatur quia sint.','2009-06-10 20:37:30','1985-10-04 14:29:51'),(37,58,23,'Ut voluptatem laborum aut eum perferendis. Et tempora enim blanditiis officia.','2016-12-18 13:56:49','2001-07-25 11:47:00'),(38,72,83,'Ex aut aspernatur similique repellendus. Eaque in omnis et quaerat excepturi.','2016-06-14 19:26:00','2018-08-23 16:04:19'),(39,62,43,'Magni eius similique ducimus fugiat. Ut voluptatem quasi est iste architecto. Fugit fugit in exercitationem reiciendis asperiores quos fuga. Ut error sunt dolor facere hic qui. Ea voluptas nam consequuntur laudantium.','2016-06-02 20:22:27','1991-01-29 22:56:56'),(40,50,47,'Hic sit pariatur velit non voluptates non. Blanditiis velit qui nam dolore animi dignissimos perspiciatis numquam. Qui similique voluptate doloribus id tenetur mollitia aut. Ducimus ut dolore deserunt.','2001-10-18 19:41:29','1972-04-23 02:38:54'),(41,64,24,'Temporibus est odio sapiente maiores quisquam deleniti ad et. Asperiores aliquam laboriosam esse recusandae perferendis fuga. Culpa quae voluptates veniam praesentium minus. Sunt at beatae est perferendis consequuntur aut. Molestiae nihil qui quod hic modi ea ut.','2019-03-01 10:56:58','2003-12-31 22:49:16'),(42,4,59,'Similique amet et odio voluptatibus laudantium aut. Molestiae in necessitatibus provident voluptatem repellendus hic et. Tempora exercitationem minus aut voluptatum suscipit quia. Cum libero cupiditate incidunt natus perspiciatis.','1984-11-04 12:30:16','2019-01-15 13:32:18'),(43,91,25,'Qui dolores quis commodi consectetur dolor ut placeat. Officiis autem et inventore dolor. Voluptate error aliquid necessitatibus et perspiciatis. Neque accusantium quis consequatur numquam hic ut.','1976-05-06 22:52:31','1984-08-07 01:38:00'),(44,7,82,'Nam atque officia et. Quas accusantium excepturi sed maxime voluptatem veniam.','1999-07-03 03:55:21','2004-12-31 15:29:37'),(45,94,9,'Et sapiente in est hic debitis. Sed aut cumque iure exercitationem saepe blanditiis. Voluptatum velit earum sit.','1981-02-20 18:51:14','1973-06-06 22:01:47'),(46,47,25,'Alias consequatur magni ducimus velit minima quia consequuntur. Odit voluptates dolore culpa aut.','1975-04-07 07:36:51','1998-08-15 22:27:28'),(47,76,29,'Aut sint consequuntur delectus nostrum eligendi quod et. Harum sint eveniet et quae et est. Sequi aut similique assumenda quo quo. Ea dolor voluptatibus nisi expedita voluptatum.','1990-03-13 06:59:58','2003-07-17 09:27:23'),(48,96,13,'Sed praesentium perferendis rerum ea praesentium laboriosam nihil. Sit nihil aut id sed non ratione quia. Vero quae cum dolor.','1989-04-22 01:13:26','2015-12-12 20:08:28'),(49,30,79,'Quos rerum similique ex porro. Voluptas in aut velit exercitationem.','2016-11-11 07:19:32','1988-08-01 18:28:53'),(50,75,76,'Quo asperiores qui recusandae quae. Eaque incidunt esse accusantium non ratione nesciunt ut. Libero ea minus sint deleniti deleniti sit molestiae. Quia reprehenderit sint suscipit dolorem atque labore quas. Ut eum aut est excepturi eum hic.','1982-08-04 16:44:01','2007-07-09 04:48:25'),(51,4,6,'Dolorem neque nulla molestiae facilis voluptatem vitae labore. Autem beatae consequatur exercitationem atque. Molestiae et neque debitis minima in et omnis non. Est sunt consequatur debitis.','1993-01-08 01:46:19','2017-12-01 19:07:48'),(52,61,61,'Velit velit deserunt qui cum amet. Amet et nam saepe reprehenderit modi tempora reiciendis. Libero id totam eaque commodi. Possimus iste libero nihil occaecati voluptas.','1970-11-15 04:01:34','2006-01-21 12:04:20'),(53,29,33,'Iusto voluptas ut laboriosam pariatur. Dolores voluptatem dignissimos dolor non rem fugiat cum perferendis. Alias dolores voluptas et explicabo autem.','2011-04-15 19:02:15','2012-08-04 18:38:28'),(54,44,91,'Et at veniam tempore consequatur pariatur ad quia. Qui et vel et aut nihil. Possimus facilis consequatur distinctio impedit laborum. Minima accusamus soluta est aut amet.','2016-04-30 04:59:07','1973-05-17 10:27:55'),(55,76,93,'Est quo dolor fuga voluptatem blanditiis et minus. Quaerat rerum id rerum nobis cumque et. Est distinctio architecto voluptas doloribus dolorem. Numquam doloribus adipisci dignissimos maxime minus.','2013-08-09 13:44:45','1979-01-03 04:13:49'),(56,37,39,'Nostrum rem illum labore quaerat. Dignissimos dolores voluptate aspernatur aut cupiditate neque eum repudiandae.','1987-07-15 05:44:29','2011-03-05 08:25:10'),(57,17,41,'Corporis quo dolorem qui dolore autem totam. Suscipit officiis fuga dolor corporis harum accusantium. Qui deleniti corporis sed minus odit voluptatem. Quae sit aperiam nisi facere et quia.','1979-01-22 18:14:51','2020-02-19 22:36:37'),(58,98,8,'Temporibus dolores est aut illum quo eos omnis. Harum sunt non pariatur iure nesciunt. Veritatis earum quas maiores quia quia. Qui quidem eligendi et voluptates.','1970-09-28 00:34:48','1991-05-25 10:34:46'),(59,65,5,'Sed deserunt corporis natus molestiae. Aliquam sint nisi occaecati. Dolore nostrum quisquam fugiat nihil enim.','1976-01-11 08:40:18','1993-05-07 12:01:42'),(60,90,59,'Pariatur distinctio voluptatibus dolor reprehenderit animi. Aut est sit odio ad omnis blanditiis veritatis. Dolorem explicabo quas maiores deserunt.','1972-05-13 17:37:37','1978-01-30 13:14:15'),(61,13,36,'Rerum delectus praesentium aut aliquam error aspernatur veritatis soluta. Voluptate qui animi labore nisi odit nam ullam molestiae. Ipsa quibusdam quia nobis. Corrupti qui debitis neque ad officiis veritatis.','1988-04-30 04:51:06','1984-03-08 07:05:59'),(62,84,88,'Dolores qui molestiae repellat velit. Provident quasi temporibus et amet. Atque provident voluptas rerum facilis. Unde incidunt corrupti et deleniti qui neque autem sed.','1978-06-27 15:18:43','1980-02-09 23:16:06'),(63,65,79,'Tempora iste fugit suscipit placeat ut et delectus. Sint illo dolores est maiores earum rem aut. Adipisci molestiae sit voluptas vel qui. Laboriosam recusandae esse fugiat.','2015-04-13 11:03:11','2004-09-13 16:04:22'),(64,1,95,'Magni animi sit et dignissimos et magni. Eum quisquam officia occaecati voluptatem error. Rerum repellat perspiciatis repellendus. Perferendis id quam et.','1970-10-14 06:03:11','2018-06-20 05:24:54'),(65,57,75,'Et quam id laborum voluptatem nihil. Consequatur inventore perspiciatis nostrum inventore laudantium dolor voluptatem. Modi consequatur ab vel eveniet occaecati est quis. Ut quia pariatur aliquam aliquam velit numquam voluptas. Aut dolores minus necessitatibus ratione quos.','1986-05-24 15:20:02','1970-03-13 06:39:49'),(66,70,61,'Eveniet ut repudiandae dolores quam. Error voluptate vel nihil occaecati quo fuga. Voluptas aut incidunt perferendis reprehenderit. Cupiditate commodi quia beatae sit maiores ad laboriosam.','1980-11-13 18:07:18','2009-01-03 05:05:14'),(67,81,31,'Aut ipsa omnis consequatur dignissimos dolor incidunt. Repellat optio expedita est a. Omnis nihil porro corporis sed et.','1984-10-09 14:36:43','2001-06-28 03:25:31'),(68,22,10,'Dolor harum laboriosam dolor et et voluptatem nesciunt. Esse sit voluptates voluptas pariatur voluptatibus sed. Id modi consequatur voluptates est dolores omnis. Est odio quidem et nihil cum.','2016-12-22 08:35:11','2019-01-16 04:10:43'),(69,63,65,'Qui quae praesentium autem. Repudiandae magnam quo aut dignissimos sed et.','2000-06-09 12:22:07','1981-06-03 14:14:42'),(70,100,38,'Doloribus molestias sed aspernatur ea voluptatem. Inventore exercitationem dolore et et neque dolores. Neque voluptate odit rerum a odio odit. Enim ratione dolores ipsum consequatur aut sunt pariatur. Non est molestiae sunt rerum fuga molestias.','2004-02-14 13:29:26','2006-08-12 03:32:54'),(71,58,37,'Perferendis placeat voluptatum odit perspiciatis non excepturi consectetur. Ullam perferendis temporibus magnam cupiditate expedita. Iusto sapiente molestias iste eos et neque. Molestiae voluptatem qui facere.','2007-06-19 17:24:41','2005-05-10 13:49:49'),(72,77,75,'Sed neque natus neque sunt neque quis temporibus pariatur. Earum accusantium ea temporibus repellendus iusto. Adipisci quaerat aperiam voluptates maxime sed officia asperiores.','2010-04-01 12:40:18','1989-03-23 16:41:29'),(73,77,74,'Quia ad saepe fuga vel exercitationem. Nisi vero illum asperiores quis minima laboriosam. Doloremque optio distinctio repudiandae a esse. Nobis temporibus eos blanditiis veritatis aut.','1976-05-11 14:41:19','2017-03-14 10:23:09'),(74,82,42,'Et dolor nobis ipsum aliquid quibusdam. Fuga unde voluptatem illo atque. Necessitatibus quod blanditiis eos qui corporis aspernatur autem. Sunt ratione a asperiores harum saepe eum dolorem ipsam.','2011-04-08 17:57:08','2016-12-11 06:16:18'),(75,78,71,'Reiciendis est voluptatem voluptatem commodi architecto et non unde. Ut laboriosam vel ea. Sint veritatis veniam error dicta aut. Labore rerum alias minus.','1988-03-05 05:39:59','1999-06-28 14:53:03'),(76,1,91,'Ab qui itaque nisi sed sunt aspernatur. Eligendi qui accusamus ea nesciunt dolor omnis. Labore possimus qui architecto placeat eligendi quas. Quia reprehenderit exercitationem ducimus.','2011-06-01 17:55:11','1996-11-30 21:48:24'),(77,7,85,'Deleniti et optio dolor vel qui natus officiis. Perferendis fugiat eos harum et. Deserunt consequatur eum temporibus architecto qui laboriosam. Nesciunt at optio quidem dolorum quia ut nihil.','2004-11-09 22:32:59','1971-02-08 09:54:22'),(78,79,71,'Omnis ut sint saepe est cum. Velit consectetur vitae itaque facilis. Blanditiis eum tenetur sapiente quis natus voluptas eos.','1993-06-25 13:29:12','2015-01-20 23:50:13'),(79,63,80,'Culpa doloremque natus voluptatem. Tempore unde nulla rerum quia id tempore. Et itaque facilis iusto cum dolorum consequatur animi. Sunt cum iste aspernatur est laudantium ab qui. Doloribus id qui hic et.','2020-04-28 23:38:40','1999-02-03 22:33:56'),(80,65,20,'Dolores quisquam minima porro corporis odio et quisquam distinctio. Porro omnis ut non. Molestias qui necessitatibus voluptatem necessitatibus. Inventore aut nobis velit nostrum assumenda at.','2016-07-22 23:06:13','2014-06-29 14:55:53'),(81,55,35,'Magnam possimus sapiente similique totam minus. Quos sed vero est nihil quibusdam. Vero quia asperiores ipsum est aut voluptate. Facilis magnam enim atque sit voluptatem praesentium accusantium.','1992-03-24 16:12:59','2014-04-11 11:03:10'),(82,80,36,'Explicabo omnis vel deleniti molestias corrupti nemo exercitationem. Perferendis nihil ab rerum. Non numquam sit fuga sunt tempora qui recusandae. Itaque deleniti officiis voluptatum qui commodi nihil voluptatum.','2004-08-31 12:06:44','2004-07-09 17:45:25'),(83,65,1,'Doloribus laudantium laboriosam voluptatem unde alias sunt in. Praesentium qui tenetur nihil laboriosam placeat provident culpa. Velit aut nemo eaque exercitationem deserunt. Et et dolorem id dolor saepe atque.','1991-11-06 20:44:08','2019-09-19 19:52:16'),(84,45,28,'Atque voluptatum est sed quis. Quis ut vero ducimus illum non dolore. Saepe ut praesentium suscipit sint odio non voluptas.','2005-05-10 13:34:18','1998-11-13 03:52:21'),(85,66,45,'Assumenda sit fugiat dolor excepturi impedit. Consequatur quia ex distinctio recusandae nihil. Hic saepe autem iste deserunt esse dolor. Maiores aut culpa rem nam excepturi consequatur.','1970-01-28 23:43:06','2011-10-21 07:36:26'),(86,65,24,'Eum quas cum ipsam quo exercitationem. Expedita voluptatem occaecati corrupti maxime. Et impedit delectus facilis totam. Fugiat exercitationem reiciendis repudiandae.','1997-08-04 05:18:15','2018-01-06 05:52:18'),(87,81,41,'Fuga quia sunt quia beatae hic. Voluptas sunt sunt soluta velit quas animi. Minus accusantium quis qui quo aperiam et animi. Aut et quas ratione fugiat aut.','2012-05-24 16:53:52','2013-01-14 23:10:26'),(88,98,58,'Fugiat adipisci fugiat totam non aut impedit quo. Animi deleniti id et dolorem est iusto. Et eos dicta quas sed aspernatur. Modi ut ex repellendus fuga.','1984-02-17 08:08:55','1984-05-28 01:31:14'),(89,15,79,'Saepe ut voluptatem est et aliquid nisi omnis. Id culpa ipsa enim repudiandae molestias molestias cupiditate. Voluptatibus optio cumque vitae voluptatem sit. Dolores voluptatum in hic sit.','1984-08-03 10:27:27','2009-12-05 00:10:49'),(90,100,93,'Quas libero cum autem a voluptatum ratione quasi. Optio magni officiis omnis voluptatem. Et dolores voluptatem sed dolores quasi nihil corporis. Iusto ipsa dolor nesciunt. Animi velit a et sed ut nesciunt voluptatem sed.','1998-07-31 18:05:53','2017-04-20 15:32:15'),(91,50,100,'Deleniti assumenda recusandae enim possimus impedit ut. Voluptatem similique voluptatum voluptas tempora at. Corrupti porro et repellat veniam dignissimos deserunt quia omnis.','2017-07-11 16:48:34','1988-06-24 23:51:51'),(92,83,56,'Aspernatur exercitationem porro numquam. Voluptatem odit recusandae molestiae quas deleniti sit. In officia dolore suscipit porro eaque soluta molestiae porro. Quisquam molestiae aut illum et est quos.','2011-06-20 00:09:13','1977-02-15 22:26:07'),(93,85,62,'Qui doloribus blanditiis voluptatem. Earum vero repellendus id quod. Et sapiente aut nesciunt exercitationem dolor eum. Fuga soluta voluptates minus.','2016-03-15 01:53:16','1992-01-15 17:43:28'),(94,27,47,'Aut ipsa rerum architecto quam debitis aut. Temporibus inventore ut ut sit corrupti. Hic maiores qui praesentium omnis aspernatur.','1980-10-10 06:03:54','1986-11-19 20:17:22'),(95,41,92,'Vitae non ipsa consectetur ut inventore ex quaerat. Sunt dolore qui et et.','2003-09-27 00:56:18','1976-06-02 19:59:24'),(96,66,95,'Possimus voluptatem omnis harum voluptate est quia temporibus. Dolores accusantium aut neque modi sapiente natus dolorum. Asperiores eos magni repudiandae ipsa fugit harum.','1973-03-17 07:47:04','2007-03-30 15:12:32'),(97,26,46,'Et vitae enim ut laboriosam enim enim. Iusto maiores ipsa aut dolores repudiandae fuga.','2002-05-18 12:06:39','2008-10-25 21:01:45'),(98,30,91,'Ut maiores libero est dolores quo ut. Maiores rem quidem magnam deserunt consequatur omnis exercitationem. Aut esse consequatur voluptatibus quaerat beatae. Repellendus optio perferendis necessitatibus quia est totam.','1993-07-22 15:10:31','1987-04-10 23:46:11'),(99,46,74,'Ex molestias doloribus est aliquid facere reiciendis. Velit numquam maxime culpa qui repellendus. Possimus soluta corporis deserunt qui consequatur. Sint minus et distinctio nulla tempora quos beatae quasi.','1993-12-22 01:16:56','1992-02-21 00:55:16'),(100,18,12,'Modi aut animi quia optio commodi. Itaque dignissimos enim dolorem laudantium laudantium. Qui ipsam iure et. Assumenda aut inventore voluptatum nihil quo at aut et.','1992-02-26 00:05:21','2000-12-06 14:42:27');
/*!40000 ALTER TABLE `comments` ENABLE KEYS */;
UNLOCK TABLES;

--
-- Table structure for table `communites`
--

DROP TABLE IF EXISTS `communites`;
/*!40101 SET @saved_cs_client     = @@character_set_client */;
/*!50503 SET character_set_client = utf8mb4 */;
CREATE TABLE `communites` (
  `id` bigint unsigned NOT NULL AUTO_INCREMENT,
  `name` varchar(150) DEFAULT NULL,
  PRIMARY KEY (`id`),
  UNIQUE KEY `id` (`id`),
  KEY `name` (`name`)
) ENGINE=InnoDB AUTO_INCREMENT=31 DEFAULT CHARSET=utf8mb4 COLLATE=utf8mb4_0900_ai_ci;
/*!40101 SET character_set_client = @saved_cs_client */;

--
-- Dumping data for table `communites`
--

LOCK TABLES `communites` WRITE;
/*!40000 ALTER TABLE `communites` DISABLE KEYS */;
INSERT INTO `communites` VALUES (15,'consequatur'),(28,'dolores'),(27,'dolorum'),(12,'ea'),(25,'et'),(29,'hic'),(16,'ipsum'),(26,'iusto'),(23,'laboriosam'),(10,'laborum'),(17,'laborum'),(19,'laborum'),(20,'maiores'),(22,'maiores'),(21,'nesciunt'),(6,'quam'),(9,'quia'),(14,'quis'),(24,'quos'),(18,'repellendus'),(8,'rerum'),(5,'sint'),(11,'sit'),(30,'suscipit'),(7,'veritatis'),(13,'vitae'),(1,'тест 1'),(2,'тест 2'),(3,'тест 3'),(4,'тест 4');
/*!40000 ALTER TABLE `communites` ENABLE KEYS */;
UNLOCK TABLES;

--
-- Table structure for table `friend_requests`
--

DROP TABLE IF EXISTS `friend_requests`;
/*!40101 SET @saved_cs_client     = @@character_set_client */;
/*!50503 SET character_set_client = utf8mb4 */;
CREATE TABLE `friend_requests` (
  `initiator_user_id` bigint unsigned NOT NULL,
  `target_user_id` bigint unsigned NOT NULL,
  `status` enum('requested','approved','unfriended','declined') CHARACTER SET utf8 COLLATE utf8_unicode_ci DEFAULT NULL,
  `requested_at` datetime DEFAULT CURRENT_TIMESTAMP,
  `conformed_at` datetime DEFAULT CURRENT_TIMESTAMP ON UPDATE CURRENT_TIMESTAMP,
  PRIMARY KEY (`initiator_user_id`,`target_user_id`),
  KEY `initiator_user_id` (`initiator_user_id`),
  KEY `target_user_id` (`target_user_id`),
  CONSTRAINT `friend_requests_ibfk_1` FOREIGN KEY (`initiator_user_id`) REFERENCES `users` (`id`),
  CONSTRAINT `friend_requests_ibfk_2` FOREIGN KEY (`target_user_id`) REFERENCES `users` (`id`)
) ENGINE=InnoDB DEFAULT CHARSET=utf8 COLLATE=utf8_unicode_ci;
/*!40101 SET character_set_client = @saved_cs_client */;

--
-- Dumping data for table `friend_requests`
--

LOCK TABLES `friend_requests` WRITE;
/*!40000 ALTER TABLE `friend_requests` DISABLE KEYS */;
INSERT INTO `friend_requests` VALUES (1,36,'declined','1973-05-01 20:29:52','2005-04-17 10:57:36'),(2,80,'approved','1973-02-05 11:45:50','1975-04-03 14:17:20'),(3,71,'requested','2005-04-20 16:46:53','1996-06-04 20:03:07'),(4,3,'unfriended','2002-12-15 12:42:07','2009-11-28 02:49:03'),(5,15,'declined','1973-12-09 00:03:42','1994-11-15 07:53:30'),(5,19,'unfriended','1981-02-18 09:23:58','1985-05-21 19:54:16'),(5,80,'declined','1995-03-08 19:13:01','2011-07-19 21:02:31'),(6,28,'unfriended','2018-12-31 14:30:44','1994-01-21 07:11:33'),(7,17,'requested','2002-05-26 01:09:55','2011-09-20 00:55:34'),(7,29,'unfriended','2001-11-03 21:43:31','2015-11-20 09:48:42'),(9,98,'declined','1980-11-10 04:55:45','2019-11-25 04:14:45'),(10,29,'approved','1988-01-14 04:00:11','2020-04-19 00:30:52'),(14,38,'requested','2018-04-13 02:25:18','1986-04-23 07:20:28'),(15,2,'unfriended','1972-03-01 11:46:01','2001-11-13 04:24:07'),(15,67,'declined','1973-08-27 16:35:35','1996-11-04 05:52:16'),(17,49,'approved','1980-12-02 20:42:15','1995-07-20 00:19:14'),(18,12,'requested','1972-01-18 00:30:29','1973-09-07 17:43:10'),(18,69,'approved','2000-04-04 12:36:39','2001-06-17 11:58:43'),(18,100,'requested','1999-04-06 12:01:47','2010-12-11 20:37:26'),(19,2,'approved','1998-02-23 07:26:00','1981-10-28 11:43:34'),(20,80,'requested','2014-01-26 03:33:14','2001-04-07 02:46:36'),(21,11,'requested','1991-04-19 21:34:24','1976-07-02 17:20:34'),(21,14,'unfriended','1980-06-14 17:39:31','2015-05-30 04:36:56'),(21,34,'declined','2013-02-23 14:33:04','2013-01-19 16:53:03'),(22,15,'unfriended','2010-03-02 00:17:11','1970-09-11 11:01:59'),(24,64,'requested','2008-02-13 15:42:46','1974-07-17 16:22:36'),(24,89,'declined','1973-06-09 00:13:36','1991-11-25 19:22:23'),(27,38,'declined','1991-01-13 21:37:24','1988-10-08 15:29:31'),(28,88,'unfriended','1979-03-25 07:02:58','2020-10-12 00:49:13'),(30,47,'declined','1985-12-19 18:56:51','2018-08-14 16:02:47'),(31,23,'requested','1989-08-27 04:56:57','2012-12-30 02:08:00'),(32,44,'unfriended','1998-09-23 19:54:48','1991-01-27 02:48:38'),(32,83,'requested','1994-09-29 15:58:59','2009-08-19 17:51:18'),(34,35,'approved','2015-08-08 21:13:45','1976-01-25 00:19:38'),(35,46,'requested','2015-07-19 02:54:16','1996-01-01 17:53:50'),(35,89,'approved','1978-11-15 14:51:34','2003-03-05 02:59:15'),(37,52,'requested','1977-06-23 05:58:40','2013-12-27 01:07:47'),(40,45,'requested','1977-02-22 13:59:05','2002-02-14 08:10:30'),(43,61,'declined','1980-11-13 18:35:22','2002-05-18 14:47:48'),(43,73,'approved','1982-08-25 11:45:30','1972-04-08 01:20:17'),(44,63,'requested','2016-12-03 02:53:16','2011-10-01 17:42:46'),(45,64,'approved','1973-10-04 07:26:48','2006-11-22 11:47:42'),(45,85,'approved','2019-05-12 06:22:26','1977-03-24 19:41:14'),(46,92,'requested','1998-08-07 16:23:11','1987-02-03 08:14:36'),(47,24,'approved','2008-08-25 15:50:08','2006-03-03 13:07:20'),(49,100,'requested','1973-04-06 02:04:52','2000-04-03 06:03:42'),(51,25,'unfriended','2007-04-01 20:43:26','1998-05-15 21:35:51'),(51,57,'requested','1999-05-25 07:11:27','2003-08-25 13:32:33'),(51,77,'requested','1972-10-07 04:54:52','1994-05-06 11:01:21'),(51,87,'declined','1984-12-20 02:54:27','2000-05-22 01:14:28'),(52,68,'declined','1984-11-25 21:50:39','2019-08-11 19:16:32'),(53,95,'declined','2013-12-03 03:49:30','2014-01-22 06:58:46'),(58,37,'declined','1996-10-11 19:57:06','1989-10-18 21:18:16'),(59,30,'requested','1994-03-17 04:58:20','1992-08-01 22:07:46'),(59,40,'declined','2015-01-13 07:37:21','1988-11-22 04:55:26'),(60,25,'approved','1982-10-21 15:19:05','1971-10-01 20:30:11'),(60,37,'unfriended','2007-10-04 16:17:44','1977-02-03 17:15:18'),(62,19,'requested','1992-09-19 20:17:52','2002-09-18 09:51:06'),(63,35,'approved','2012-08-25 13:07:44','2019-08-23 09:41:42'),(63,37,'declined','1978-03-23 02:54:01','2002-04-14 02:10:17'),(64,71,'approved','2008-06-23 15:10:02','1984-08-15 04:48:04'),(65,27,'requested','1984-10-15 03:31:26','1970-12-22 06:47:48'),(65,30,'approved','2010-10-10 05:04:58','2001-06-28 16:52:50'),(65,59,'declined','1988-05-06 07:58:17','2020-01-16 09:00:57'),(66,44,'approved','1997-05-16 12:02:35','1997-02-28 19:30:21'),(67,15,'unfriended','2020-06-12 00:16:39','1990-05-26 14:00:32'),(67,17,'requested','1978-04-16 20:40:07','2011-08-20 07:19:14'),(71,1,'approved','1986-10-08 03:59:44','1987-07-09 12:19:25'),(72,8,'declined','2006-12-23 05:12:11','1980-08-07 14:57:07'),(73,57,'unfriended','1977-04-06 11:57:55','1988-12-28 08:36:00'),(74,76,'approved','2016-04-23 17:21:46','1982-12-06 08:07:26'),(76,21,'declined','2020-04-29 03:38:03','2003-10-31 02:14:40'),(76,78,'unfriended','1979-10-17 09:30:39','2015-11-02 05:50:36'),(77,8,'unfriended','1977-02-14 17:32:47','1977-02-22 07:39:24'),(79,48,'declined','2001-02-19 02:08:12','2007-02-27 00:58:57'),(83,22,'unfriended','1987-07-04 10:33:43','1996-09-06 18:35:29'),(84,34,'unfriended','1991-06-06 15:19:09','1994-09-02 23:16:26'),(85,13,'declined','1993-07-06 08:34:36','2005-10-24 15:51:55'),(85,18,'approved','1998-10-02 00:10:52','2010-04-27 03:33:28'),(85,86,'declined','2007-02-09 04:30:02','2002-01-03 15:46:32'),(86,27,'unfriended','1993-01-30 02:51:59','1998-11-10 12:23:01'),(86,90,'approved','1993-01-14 15:47:43','2008-02-19 22:43:03'),(88,91,'unfriended','2016-09-15 12:21:16','2019-12-17 20:17:01'),(90,14,'unfriended','1989-06-07 15:22:21','1989-03-30 09:48:57'),(91,5,'requested','1977-10-19 21:20:03','2017-05-04 09:26:33'),(91,100,'declined','2000-11-08 08:36:26','2019-10-12 10:55:31'),(92,40,'requested','2017-11-13 06:44:54','1992-02-16 01:42:00'),(93,8,'requested','1978-03-16 23:56:00','2020-08-26 08:42:09'),(93,73,'approved','2008-05-11 18:37:02','2007-08-15 20:58:44'),(94,46,'unfriended','2000-08-02 10:30:39','1983-09-10 13:01:56'),(94,97,'unfriended','1979-07-31 16:59:11','1979-07-18 14:38:14'),(96,69,'requested','1981-07-17 05:32:28','2001-11-24 16:07:45'),(96,90,'unfriended','1987-05-11 22:35:34','1982-12-11 10:00:53'),(97,64,'approved','1973-12-06 08:50:21','2011-01-08 09:57:11'),(97,79,'requested','1971-09-09 03:16:52','2011-05-09 11:39:42'),(98,54,'unfriended','1973-06-14 23:38:46','2015-03-23 00:35:57'),(99,32,'approved','2002-03-24 02:06:54','1970-05-01 20:59:10'),(99,46,'requested','1990-08-01 01:01:08','2002-10-17 03:46:45'),(99,95,'declined','1975-09-29 12:26:04','1994-10-29 09:37:33'),(100,35,'requested','1976-11-23 00:42:10','2003-10-02 08:27:55');
/*!40000 ALTER TABLE `friend_requests` ENABLE KEYS */;
UNLOCK TABLES;

--
-- Table structure for table `likes_comments`
--

DROP TABLE IF EXISTS `likes_comments`;
/*!40101 SET @saved_cs_client     = @@character_set_client */;
/*!50503 SET character_set_client = utf8mb4 */;
CREATE TABLE `likes_comments` (
  `id` bigint unsigned NOT NULL AUTO_INCREMENT,
  `status` enum('like','dislike') CHARACTER SET utf8 COLLATE utf8_unicode_ci DEFAULT NULL,
  `user_who_id` bigint unsigned NOT NULL,
  `comment_id` bigint unsigned NOT NULL,
  `create_at` datetime DEFAULT CURRENT_TIMESTAMP,
  PRIMARY KEY (`id`),
  UNIQUE KEY `user_who_id` (`user_who_id`,`comment_id`),
  KEY `comment_id` (`comment_id`),
  CONSTRAINT `likes_comments_ibfk_1` FOREIGN KEY (`user_who_id`) REFERENCES `users` (`id`),
  CONSTRAINT `likes_comments_ibfk_2` FOREIGN KEY (`comment_id`) REFERENCES `comments` (`id`)
) ENGINE=InnoDB AUTO_INCREMENT=101 DEFAULT CHARSET=utf8 COLLATE=utf8_unicode_ci;
/*!40101 SET character_set_client = @saved_cs_client */;

--
-- Dumping data for table `likes_comments`
--

LOCK TABLES `likes_comments` WRITE;
/*!40000 ALTER TABLE `likes_comments` DISABLE KEYS */;
INSERT INTO `likes_comments` VALUES (1,'like',51,48,'2012-11-17 10:39:58'),(2,'like',21,69,'1991-12-20 02:06:10'),(3,'like',60,31,'2002-09-28 21:20:41'),(4,'like',91,22,'2014-06-28 01:23:40'),(5,'like',72,88,'2013-02-01 08:04:17'),(6,'like',43,83,'2020-03-04 03:12:11'),(7,'like',13,12,'1988-07-16 19:02:46'),(8,'like',1,41,'1972-09-05 09:31:04'),(9,'dislike',48,33,'1972-09-16 19:35:26'),(10,'like',15,73,'2004-10-09 09:49:59'),(11,'like',23,57,'2001-03-21 02:18:10'),(12,'like',7,50,'2011-07-19 05:51:03'),(13,'dislike',83,59,'2004-09-02 16:08:59'),(14,'dislike',14,2,'1989-12-29 02:50:20'),(15,'like',8,24,'1977-03-13 07:28:40'),(16,'like',34,59,'2001-05-10 11:07:58'),(17,'dislike',72,55,'2005-10-12 19:37:33'),(18,'dislike',28,32,'1980-07-25 05:25:08'),(19,'dislike',85,18,'1976-07-09 18:33:12'),(20,'like',53,56,'2005-11-01 05:10:30'),(21,'like',6,96,'1981-07-26 14:01:01'),(22,'like',39,18,'1983-08-03 07:00:30'),(23,'like',7,40,'1989-10-25 19:48:23'),(24,'like',58,55,'1974-09-21 06:44:25'),(25,'like',72,72,'1978-09-19 16:12:35'),(26,'dislike',28,94,'1977-07-14 01:24:59'),(27,'dislike',29,34,'1990-02-22 03:01:11'),(28,'dislike',44,11,'1971-12-17 11:36:18'),(29,'like',92,57,'1971-09-17 22:18:26'),(30,'dislike',12,100,'2001-06-19 10:19:33'),(31,'dislike',81,46,'1976-05-10 03:17:38'),(32,'like',59,52,'1973-10-04 17:55:10'),(33,'dislike',1,87,'1992-02-10 23:17:43'),(34,'like',83,85,'1986-02-20 18:01:33'),(35,'dislike',4,36,'1985-03-19 16:32:56'),(36,'like',41,9,'1984-04-26 21:42:57'),(37,'dislike',31,79,'1982-11-06 20:20:17'),(38,'dislike',26,38,'2010-11-18 00:57:12'),(39,'dislike',19,84,'1982-07-19 17:23:43'),(40,'like',93,90,'2015-06-17 08:00:40'),(41,'dislike',56,20,'1998-06-13 16:36:03'),(42,'like',84,84,'1988-11-04 08:48:14'),(43,'like',53,27,'1993-01-16 09:57:03'),(44,'like',94,45,'1994-10-19 10:06:09'),(45,'like',83,6,'1975-03-05 13:42:26'),(46,'dislike',45,63,'1978-08-19 23:49:29'),(47,'dislike',52,3,'1991-12-01 21:55:17'),(48,'dislike',15,52,'2010-07-10 18:30:13'),(49,'dislike',89,98,'2002-12-03 04:37:32'),(50,'like',36,93,'2019-06-05 05:18:22'),(51,'dislike',33,77,'1977-01-12 11:55:56'),(52,'dislike',2,63,'1981-01-27 16:04:46'),(53,'dislike',55,27,'1990-10-09 08:58:02'),(54,'like',1,73,'1988-06-26 13:07:36'),(55,'dislike',11,93,'1988-03-28 03:39:15'),(56,'like',63,66,'1991-09-18 19:20:31'),(57,'dislike',12,46,'1982-07-31 23:50:02'),(58,'like',50,64,'2019-09-27 15:23:06'),(59,'like',72,44,'2002-12-25 07:16:37'),(60,'dislike',8,55,'1998-12-03 08:39:57'),(61,'like',50,52,'1981-11-04 18:06:26'),(62,'dislike',18,1,'1973-10-14 01:44:41'),(63,'like',55,32,'1991-08-18 04:34:29'),(64,'dislike',53,44,'1985-11-04 19:46:17'),(65,'like',29,89,'1977-07-20 02:44:20'),(66,'like',37,62,'2004-05-02 05:28:33'),(67,'dislike',65,38,'2016-04-05 11:45:10'),(68,'like',25,20,'1986-03-31 11:26:05'),(69,'dislike',65,25,'1993-06-05 17:20:47'),(70,'like',93,76,'1972-08-01 21:10:47'),(71,'dislike',17,55,'1984-10-30 12:18:30'),(72,'like',41,28,'1991-06-19 06:43:05'),(73,'like',100,91,'1983-03-09 03:14:10'),(74,'like',91,72,'1990-04-25 23:31:33'),(75,'like',34,99,'1987-05-21 17:18:23'),(76,'like',26,83,'1974-09-04 04:50:49'),(77,'dislike',51,43,'1995-02-22 06:37:33'),(78,'dislike',84,6,'2011-05-30 06:14:32'),(79,'like',75,37,'1997-03-26 07:37:52'),(80,'dislike',50,4,'2009-06-08 04:00:04'),(81,'dislike',25,86,'2001-11-24 20:47:52'),(82,'like',65,89,'1984-10-17 02:29:20'),(83,'dislike',24,89,'1973-01-17 16:42:17'),(84,'dislike',8,88,'2009-03-08 09:21:06'),(85,'like',13,100,'2002-07-07 01:35:14'),(86,'dislike',63,29,'1970-07-20 02:57:01'),(87,'like',55,4,'2002-05-08 21:48:11'),(88,'dislike',57,54,'1994-04-07 14:26:28'),(89,'dislike',95,47,'1973-12-01 17:41:59'),(90,'like',26,28,'1987-07-21 15:25:13'),(91,'dislike',46,51,'2018-03-20 02:07:32'),(92,'like',11,96,'1996-04-27 11:45:49'),(93,'dislike',94,95,'1993-12-28 11:27:16'),(94,'dislike',2,68,'1983-04-01 15:40:58'),(95,'dislike',31,51,'1997-04-08 23:13:54'),(96,'like',71,55,'1995-11-08 12:54:53'),(97,'dislike',37,36,'1979-11-05 09:03:29'),(98,'dislike',44,60,'2006-02-03 19:36:07'),(99,'like',25,52,'1970-08-20 15:18:06'),(100,'dislike',47,37,'1971-12-19 00:39:45');
/*!40000 ALTER TABLE `likes_comments` ENABLE KEYS */;
UNLOCK TABLES;

--
-- Table structure for table `likes_photos`
--

DROP TABLE IF EXISTS `likes_photos`;
/*!40101 SET @saved_cs_client     = @@character_set_client */;
/*!50503 SET character_set_client = utf8mb4 */;
CREATE TABLE `likes_photos` (
  `id` bigint unsigned NOT NULL AUTO_INCREMENT,
  `status` enum('like','dislike') CHARACTER SET utf8 COLLATE utf8_unicode_ci DEFAULT NULL,
  `user_who_id` bigint unsigned NOT NULL,
  `photo_id` bigint unsigned NOT NULL,
  `create_at` datetime DEFAULT CURRENT_TIMESTAMP,
  PRIMARY KEY (`id`),
  UNIQUE KEY `user_who_id` (`user_who_id`,`photo_id`),
  KEY `photo_id` (`photo_id`),
  CONSTRAINT `likes_photos_ibfk_1` FOREIGN KEY (`user_who_id`) REFERENCES `users` (`id`),
  CONSTRAINT `likes_photos_ibfk_2` FOREIGN KEY (`photo_id`) REFERENCES `photos` (`id`)
) ENGINE=InnoDB AUTO_INCREMENT=201 DEFAULT CHARSET=utf8 COLLATE=utf8_unicode_ci;
/*!40101 SET character_set_client = @saved_cs_client */;

--
-- Dumping data for table `likes_photos`
--

LOCK TABLES `likes_photos` WRITE;
/*!40000 ALTER TABLE `likes_photos` DISABLE KEYS */;
INSERT INTO `likes_photos` VALUES (101,'dislike',99,4,'1988-04-27 16:44:03'),(102,'dislike',64,84,'1993-03-07 07:12:32'),(103,'dislike',79,15,'2018-07-19 00:44:46'),(104,'dislike',15,83,'2014-02-12 14:18:48'),(105,'dislike',72,11,'2000-09-06 12:17:36'),(106,'dislike',58,47,'1990-03-05 20:00:12'),(107,'dislike',39,4,'2015-03-24 12:27:41'),(108,'dislike',53,20,'2018-03-24 06:57:06'),(109,'dislike',12,87,'2019-11-01 18:08:39'),(110,'like',72,37,'1973-03-27 22:40:16'),(111,'like',19,29,'2001-12-03 01:36:22'),(112,'like',89,6,'2002-11-19 21:36:18'),(113,'dislike',41,89,'1980-12-19 11:59:53'),(114,'like',30,42,'1985-10-03 06:41:25'),(115,'dislike',74,94,'2004-08-04 03:39:50'),(116,'dislike',24,73,'1993-05-17 18:31:36'),(117,'dislike',97,87,'2012-05-15 08:51:08'),(118,'dislike',56,75,'1982-09-23 06:36:43'),(119,'dislike',2,71,'2020-10-31 17:20:54'),(120,'dislike',58,73,'1993-10-07 02:53:34'),(121,'dislike',81,15,'1984-05-05 06:45:06'),(122,'like',20,19,'2003-06-15 22:29:41'),(123,'dislike',19,72,'2001-05-16 10:00:05'),(124,'like',39,30,'2020-03-16 06:00:32'),(125,'like',58,10,'2004-08-04 02:54:24'),(126,'like',67,77,'2020-03-08 21:19:45'),(127,'like',38,55,'2002-10-03 04:26:56'),(128,'dislike',82,79,'2004-05-08 01:35:21'),(129,'dislike',43,11,'2003-11-20 10:07:35'),(130,'like',21,17,'2005-06-09 22:03:25'),(131,'dislike',5,44,'2010-08-14 12:58:36'),(132,'like',89,1,'2018-06-03 09:31:45'),(133,'like',31,44,'1994-11-13 12:02:03'),(134,'like',76,32,'1982-08-14 11:26:28'),(135,'dislike',14,33,'2015-09-06 20:45:22'),(136,'dislike',5,95,'2017-07-26 22:54:14'),(137,'like',48,24,'2019-07-23 19:33:25'),(138,'like',14,66,'1978-12-08 09:55:45'),(139,'dislike',96,52,'1994-06-30 13:20:54'),(140,'dislike',96,54,'2000-12-21 15:30:03'),(141,'like',62,62,'2014-11-27 07:05:30'),(142,'dislike',30,100,'1982-07-20 00:46:07'),(143,'dislike',17,11,'2012-03-12 18:28:02'),(144,'dislike',78,59,'1981-10-21 06:19:45'),(145,'dislike',22,98,'1994-07-24 20:06:28'),(146,'dislike',76,26,'1984-05-06 23:20:01'),(147,'like',42,64,'2008-08-05 16:33:27'),(148,'dislike',27,72,'2020-07-08 16:17:37'),(149,'dislike',8,2,'1992-02-29 12:47:34'),(150,'dislike',4,22,'1996-05-01 11:12:13'),(151,'like',34,8,'1989-12-04 08:52:28'),(152,'like',16,82,'1986-05-24 05:17:41'),(153,'like',32,30,'1989-09-25 19:56:20'),(154,'like',47,27,'2004-02-18 09:29:53'),(155,'dislike',81,43,'1999-07-27 00:06:06'),(156,'dislike',80,42,'1970-05-06 06:34:57'),(157,'like',4,9,'1997-05-25 12:33:00'),(158,'dislike',41,21,'1992-09-24 02:42:54'),(160,'dislike',80,41,'1977-06-22 13:23:44'),(161,'like',16,55,'1983-02-16 11:29:13'),(162,'like',67,57,'1977-07-28 16:27:34'),(163,'like',19,93,'2005-11-07 12:23:20'),(164,'dislike',29,27,'2008-07-26 19:31:27'),(165,'dislike',95,33,'2018-06-06 14:11:44'),(166,'like',48,29,'1987-06-22 17:51:04'),(167,'like',40,64,'1991-04-04 18:26:33'),(168,'like',10,72,'1984-07-08 14:33:26'),(169,'like',93,57,'1995-01-26 00:50:49'),(170,'like',99,73,'1989-10-10 10:25:11'),(171,'dislike',99,78,'1986-02-12 19:53:07'),(172,'dislike',15,3,'2009-05-21 05:15:35'),(173,'like',87,56,'1983-01-05 07:45:00'),(174,'dislike',23,7,'2018-05-19 18:58:59'),(175,'dislike',74,2,'1976-10-24 00:00:23'),(176,'like',48,90,'1982-10-13 06:00:57'),(177,'dislike',57,14,'2006-01-09 20:50:23'),(178,'dislike',46,75,'2001-01-20 05:07:11'),(179,'like',7,75,'1980-03-12 14:27:22'),(180,'like',1,2,'2005-05-08 01:57:24'),(181,'dislike',7,49,'2005-08-18 09:30:59'),(182,'like',30,47,'1984-10-17 04:03:38'),(183,'like',12,40,'1974-07-23 22:48:40'),(184,'like',18,5,'1982-09-19 13:18:21'),(185,'dislike',96,16,'1983-10-01 19:31:50'),(186,'dislike',78,95,'2006-05-01 00:24:25'),(187,'like',94,92,'1970-10-01 22:56:25'),(188,'like',97,81,'2016-08-01 22:58:44'),(189,'like',47,20,'1997-11-18 12:43:33'),(190,'dislike',87,21,'2015-07-23 21:38:07'),(191,'like',22,34,'1986-06-17 07:35:43'),(192,'like',10,78,'1988-04-05 01:09:18'),(193,'like',48,56,'1985-12-06 15:32:42'),(194,'dislike',53,55,'2009-11-12 16:46:55'),(195,'dislike',30,54,'1979-12-31 07:20:42'),(196,'like',56,36,'2013-02-17 06:07:37'),(197,'dislike',2,86,'1985-02-16 15:28:41'),(198,'like',83,14,'2006-08-15 01:31:15'),(199,'like',25,100,'1982-06-02 04:19:11'),(200,'dislike',18,20,'1979-06-27 00:16:01');
/*!40000 ALTER TABLE `likes_photos` ENABLE KEYS */;
UNLOCK TABLES;

--
-- Table structure for table `likes_posts`
--

DROP TABLE IF EXISTS `likes_posts`;
/*!40101 SET @saved_cs_client     = @@character_set_client */;
/*!50503 SET character_set_client = utf8mb4 */;
CREATE TABLE `likes_posts` (
  `id` bigint unsigned NOT NULL AUTO_INCREMENT,
  `status` enum('like','dislike') CHARACTER SET utf8 COLLATE utf8_unicode_ci DEFAULT NULL,
  `user_who_id` bigint unsigned NOT NULL,
  `post_id` bigint unsigned NOT NULL,
  `create_at` datetime DEFAULT CURRENT_TIMESTAMP,
  PRIMARY KEY (`id`),
  UNIQUE KEY `user_who_id` (`user_who_id`,`post_id`),
  KEY `post_id` (`post_id`),
  CONSTRAINT `likes_posts_ibfk_1` FOREIGN KEY (`user_who_id`) REFERENCES `users` (`id`),
  CONSTRAINT `likes_posts_ibfk_2` FOREIGN KEY (`post_id`) REFERENCES `posts` (`id`)
) ENGINE=InnoDB AUTO_INCREMENT=201 DEFAULT CHARSET=utf8 COLLATE=utf8_unicode_ci;
/*!40101 SET character_set_client = @saved_cs_client */;

--
-- Dumping data for table `likes_posts`
--

LOCK TABLES `likes_posts` WRITE;
/*!40000 ALTER TABLE `likes_posts` DISABLE KEYS */;
INSERT INTO `likes_posts` VALUES (101,'like',41,61,'1991-08-28 15:06:49'),(102,'like',31,90,'1977-06-10 17:43:52'),(103,'like',4,2,'2007-12-11 22:04:47'),(104,'like',66,35,'1974-11-27 10:32:03'),(105,'like',88,14,'2010-11-08 04:21:30'),(106,'dislike',46,77,'2017-10-10 16:48:15'),(107,'like',83,42,'1997-09-28 15:48:55'),(108,'dislike',42,86,'1975-10-09 11:34:55'),(109,'like',28,33,'1992-12-14 10:30:15'),(110,'dislike',8,2,'2013-04-26 02:24:44'),(111,'dislike',51,36,'2020-08-22 20:54:07'),(112,'dislike',21,46,'1999-10-04 14:00:58'),(113,'dislike',70,62,'1997-07-28 01:28:26'),(114,'dislike',53,88,'1970-03-05 11:42:52'),(115,'like',74,82,'2008-12-13 22:16:40'),(116,'like',35,15,'1971-10-27 06:53:36'),(117,'dislike',42,66,'2007-11-24 15:31:22'),(118,'dislike',5,45,'2000-09-19 18:42:34'),(119,'like',68,70,'2018-06-07 03:56:23'),(120,'like',80,55,'2020-07-16 16:59:22'),(121,'like',83,25,'1971-03-30 03:33:07'),(122,'like',31,66,'1970-08-05 05:47:03'),(123,'dislike',67,73,'1982-10-26 09:18:53'),(124,'like',51,95,'2000-08-05 21:47:49'),(125,'dislike',5,58,'1998-10-12 14:49:34'),(126,'dislike',96,56,'1975-11-11 11:22:55'),(127,'dislike',94,17,'1987-12-11 04:40:55'),(128,'like',2,63,'1974-04-06 23:40:59'),(129,'like',78,55,'1981-05-15 09:13:35'),(130,'dislike',51,52,'1971-02-07 01:06:58'),(131,'dislike',36,86,'1991-09-15 23:32:05'),(132,'dislike',67,77,'2011-03-12 15:29:31'),(133,'like',52,71,'1988-12-03 10:22:29'),(134,'like',22,19,'2008-04-21 09:48:06'),(135,'dislike',41,1,'2004-02-01 07:39:26'),(136,'like',73,24,'2004-08-09 20:51:38'),(137,'dislike',26,4,'2020-10-11 23:55:34'),(138,'dislike',89,92,'1975-10-28 12:38:20'),(139,'dislike',76,40,'1991-03-24 00:28:36'),(140,'like',87,81,'1999-09-30 21:47:45'),(141,'like',97,83,'1986-04-26 07:15:28'),(142,'dislike',36,91,'1976-02-27 18:16:39'),(143,'like',99,37,'1980-06-12 17:50:10'),(144,'like',54,77,'1980-06-08 06:40:11'),(145,'dislike',91,4,'2011-11-14 00:00:26'),(146,'like',29,26,'2018-02-19 10:57:54'),(147,'dislike',89,95,'2003-07-15 03:58:17'),(148,'dislike',3,41,'2009-09-17 11:53:07'),(149,'dislike',66,24,'1983-12-06 06:32:14'),(150,'dislike',59,6,'2012-09-14 04:36:09'),(151,'like',24,31,'1971-04-25 08:46:36'),(152,'dislike',29,50,'2016-07-18 14:10:08'),(153,'like',35,18,'1987-02-13 04:19:29'),(154,'dislike',42,10,'1986-12-15 17:05:30'),(155,'dislike',57,28,'1992-08-19 12:57:41'),(156,'like',90,53,'1998-06-27 21:11:10'),(157,'dislike',10,26,'2018-02-13 02:55:09'),(158,'like',44,9,'1986-05-18 23:35:01'),(159,'like',62,97,'2003-01-12 13:48:32'),(160,'like',86,53,'2010-11-14 07:29:58'),(161,'like',100,15,'1978-03-10 07:29:04'),(162,'like',78,89,'1998-10-04 02:58:15'),(163,'dislike',9,80,'1986-05-24 13:53:49'),(164,'dislike',29,75,'1995-03-19 08:51:24'),(165,'dislike',4,87,'2017-01-15 20:31:23'),(166,'like',81,27,'1988-02-09 23:51:50'),(167,'like',18,10,'1978-10-19 05:20:19'),(168,'like',77,53,'1976-11-09 05:28:41'),(169,'dislike',27,18,'2008-12-11 22:17:02'),(170,'dislike',62,83,'2016-07-25 11:53:49'),(171,'like',45,52,'1996-10-19 09:59:43'),(172,'like',36,55,'1983-06-26 19:14:33'),(173,'dislike',77,79,'2005-12-28 17:04:13'),(174,'like',63,39,'2016-02-25 10:55:29'),(175,'like',75,49,'2002-04-25 14:22:25'),(176,'like',91,74,'1983-09-19 20:30:46'),(177,'dislike',63,69,'2009-06-28 16:37:01'),(178,'like',63,72,'2003-08-19 12:30:49'),(179,'like',49,92,'1983-03-16 14:01:21'),(180,'dislike',46,52,'2008-11-08 03:30:08'),(181,'like',79,27,'2007-01-21 04:52:40'),(182,'dislike',79,97,'2012-09-22 23:45:48'),(184,'like',49,62,'1987-05-09 20:31:24'),(185,'like',72,10,'1984-09-06 22:33:26'),(186,'like',45,17,'2016-07-08 16:28:38'),(187,'dislike',62,80,'1982-04-15 17:55:04'),(188,'dislike',71,38,'2007-08-18 11:41:06'),(189,'like',58,34,'1978-09-25 01:30:07'),(190,'like',77,32,'2011-12-29 14:35:13'),(191,'like',82,67,'1977-02-15 06:51:59'),(192,'dislike',6,45,'2012-11-13 18:04:22'),(193,'dislike',36,69,'2007-02-24 21:32:49'),(194,'like',16,84,'2006-07-20 05:42:05'),(195,'like',60,62,'1989-01-06 05:29:54'),(196,'like',35,38,'1972-06-18 21:35:54'),(197,'like',88,13,'2003-03-29 22:06:21'),(198,'like',34,24,'2003-02-09 04:05:57'),(199,'like',67,82,'1973-03-07 08:27:23'),(200,'like',86,39,'2019-01-11 08:50:23');
/*!40000 ALTER TABLE `likes_posts` ENABLE KEYS */;
UNLOCK TABLES;

--
-- Table structure for table `likes_users`
--

DROP TABLE IF EXISTS `likes_users`;
/*!40101 SET @saved_cs_client     = @@character_set_client */;
/*!50503 SET character_set_client = utf8mb4 */;
CREATE TABLE `likes_users` (
  `id` bigint unsigned NOT NULL AUTO_INCREMENT,
  `status` enum('like','dislike') CHARACTER SET utf8 COLLATE utf8_unicode_ci DEFAULT NULL,
  `user_who_id` bigint unsigned NOT NULL,
  `user_whom_id` bigint unsigned NOT NULL,
  `create_at` datetime DEFAULT CURRENT_TIMESTAMP,
  PRIMARY KEY (`id`),
  UNIQUE KEY `user_who_id` (`user_who_id`,`user_whom_id`),
  KEY `user_whom_id` (`user_whom_id`),
  CONSTRAINT `likes_users_ibfk_1` FOREIGN KEY (`user_who_id`) REFERENCES `users` (`id`),
  CONSTRAINT `likes_users_ibfk_2` FOREIGN KEY (`user_whom_id`) REFERENCES `users` (`id`)
) ENGINE=InnoDB AUTO_INCREMENT=201 DEFAULT CHARSET=utf8 COLLATE=utf8_unicode_ci;
/*!40101 SET character_set_client = @saved_cs_client */;

--
-- Dumping data for table `likes_users`
--

LOCK TABLES `likes_users` WRITE;
/*!40000 ALTER TABLE `likes_users` DISABLE KEYS */;
INSERT INTO `likes_users` VALUES (101,'dislike',76,41,'1993-10-08 10:12:06'),(102,'dislike',2,6,'1978-03-11 07:40:08'),(103,'dislike',34,1,'1972-05-23 00:17:11'),(104,'dislike',50,94,'2019-07-25 20:25:15'),(105,'like',97,81,'2013-09-21 15:49:17'),(106,'dislike',35,68,'2004-02-29 07:50:13'),(107,'dislike',1,42,'2019-05-09 16:25:25'),(108,'like',48,87,'1978-01-20 12:06:08'),(109,'like',2,41,'1987-11-12 03:39:23'),(110,'like',35,90,'2007-10-09 00:34:38'),(111,'dislike',38,25,'2001-06-15 06:39:40'),(112,'dislike',84,45,'2011-04-02 09:55:18'),(113,'like',82,53,'2000-03-12 02:06:06'),(114,'like',73,1,'2008-12-27 13:59:00'),(115,'dislike',87,29,'2017-10-29 10:43:03'),(116,'like',84,63,'2015-07-25 05:34:16'),(117,'dislike',70,85,'1977-04-09 22:53:44'),(118,'dislike',68,3,'2013-02-13 03:26:54'),(119,'like',86,18,'1975-01-22 01:10:37'),(120,'dislike',97,82,'1995-05-27 05:29:35'),(121,'dislike',99,31,'1989-04-03 17:53:55'),(122,'dislike',49,100,'2004-09-11 21:28:51'),(123,'dislike',73,97,'2017-02-23 16:14:36'),(124,'dislike',86,75,'1991-10-22 01:48:50'),(125,'dislike',38,20,'2017-02-12 12:22:36'),(126,'like',64,75,'2011-04-27 10:41:06'),(127,'dislike',44,48,'1990-06-27 10:46:10'),(128,'dislike',20,26,'1983-11-15 15:26:43'),(129,'dislike',1,92,'1982-08-05 16:53:29'),(130,'like',26,88,'2007-10-15 05:41:13'),(131,'dislike',20,10,'2003-02-07 07:14:58'),(132,'like',50,89,'1995-11-07 10:32:52'),(133,'dislike',94,18,'2018-05-27 17:12:11'),(134,'dislike',92,80,'1997-01-05 16:49:22'),(135,'like',36,89,'2011-05-19 18:07:46'),(136,'like',62,34,'1981-10-15 20:05:03'),(137,'like',20,11,'2016-08-03 23:53:55'),(138,'dislike',33,92,'2000-09-27 22:46:51'),(139,'like',7,19,'1995-09-25 04:01:20'),(140,'dislike',67,44,'1994-03-02 22:15:02'),(141,'like',39,31,'2008-09-14 04:10:08'),(142,'dislike',19,83,'1976-04-11 08:14:43'),(143,'dislike',78,38,'2002-04-03 00:14:42'),(144,'dislike',8,78,'1982-02-04 08:05:58'),(145,'like',29,34,'1984-12-29 17:29:16'),(146,'like',65,49,'1993-10-22 09:35:48'),(147,'dislike',43,14,'1978-08-24 10:26:32'),(148,'like',38,37,'2016-08-19 13:38:06'),(149,'like',31,30,'1997-03-03 02:26:25'),(150,'like',16,66,'1997-01-19 13:00:37'),(151,'dislike',18,77,'1989-02-04 03:08:56'),(152,'dislike',100,38,'1990-08-15 01:58:53'),(153,'dislike',87,33,'1985-09-27 10:39:54'),(154,'dislike',30,94,'1974-07-11 17:28:57'),(155,'dislike',51,96,'2018-08-19 07:50:37'),(156,'dislike',38,89,'1979-09-18 08:07:31'),(157,'like',26,56,'2016-02-03 12:14:42'),(158,'dislike',71,3,'2009-07-25 01:12:46'),(159,'like',94,78,'1991-03-16 09:25:43'),(160,'dislike',81,23,'2001-08-14 01:19:37'),(161,'like',11,46,'1997-09-12 05:53:10'),(162,'dislike',71,54,'1970-05-14 19:44:32'),(163,'like',59,9,'2013-02-18 15:04:23'),(164,'dislike',90,90,'2001-11-29 05:29:33'),(165,'like',38,6,'1975-07-21 04:57:28'),(166,'dislike',56,56,'1991-07-12 08:36:02'),(167,'dislike',82,55,'2013-05-14 23:59:36'),(168,'like',93,69,'1999-05-09 18:38:55'),(169,'dislike',87,22,'1987-08-30 06:11:01'),(170,'like',62,38,'1987-08-05 00:02:46'),(171,'like',18,100,'1977-01-08 06:58:39'),(172,'like',26,43,'1979-05-31 11:14:10'),(173,'dislike',55,97,'1987-08-25 19:58:42'),(174,'dislike',46,49,'1980-04-19 19:49:12'),(175,'dislike',75,27,'1971-05-21 23:17:32'),(176,'like',71,86,'2005-09-11 16:08:30'),(177,'dislike',72,42,'1971-03-31 03:27:54'),(178,'dislike',39,30,'2008-08-17 14:30:01'),(179,'dislike',50,29,'2014-03-21 17:39:53'),(180,'dislike',20,88,'1987-06-27 16:28:41'),(181,'like',34,75,'1989-11-25 05:39:09'),(182,'dislike',44,16,'2001-04-23 01:40:21'),(183,'like',30,36,'2020-04-03 22:07:44'),(184,'dislike',84,17,'1991-05-07 08:40:09'),(185,'dislike',58,46,'1974-07-03 11:42:43'),(186,'like',54,75,'2008-01-31 00:23:16'),(187,'like',45,80,'1997-12-22 20:00:31'),(189,'like',77,63,'1996-10-29 19:16:06'),(190,'dislike',48,51,'2014-05-02 09:21:42'),(191,'dislike',89,19,'2008-11-11 20:16:22'),(192,'like',37,60,'1976-09-19 22:35:44'),(193,'like',61,76,'1987-04-28 18:30:05'),(194,'dislike',90,11,'2000-11-14 02:26:02'),(195,'dislike',4,9,'1971-01-08 13:38:08'),(196,'dislike',98,38,'1997-04-21 06:26:52'),(197,'like',84,41,'1995-05-26 21:46:23'),(198,'dislike',53,14,'2000-12-16 14:56:23'),(199,'like',77,36,'2014-06-27 14:27:45'),(200,'dislike',30,35,'1987-04-01 04:52:07');
/*!40000 ALTER TABLE `likes_users` ENABLE KEYS */;
UNLOCK TABLES;

--
-- Table structure for table `messages`
--

DROP TABLE IF EXISTS `messages`;
/*!40101 SET @saved_cs_client     = @@character_set_client */;
/*!50503 SET character_set_client = utf8mb4 */;
CREATE TABLE `messages` (
  `id` bigint unsigned NOT NULL AUTO_INCREMENT,
  `from_user_id` bigint unsigned NOT NULL,
  `to_user_id` bigint unsigned NOT NULL,
  `message` text CHARACTER SET utf8 COLLATE utf8_unicode_ci,
  `is_read` tinyint(1) DEFAULT '0',
  `create_at` datetime DEFAULT CURRENT_TIMESTAMP,
  PRIMARY KEY (`id`),
  KEY `from_user_id` (`from_user_id`),
  KEY `to_user_id` (`to_user_id`),
  CONSTRAINT `messages_ibfk_1` FOREIGN KEY (`from_user_id`) REFERENCES `users` (`id`),
  CONSTRAINT `messages_ibfk_2` FOREIGN KEY (`to_user_id`) REFERENCES `users` (`id`)
) ENGINE=InnoDB AUTO_INCREMENT=101 DEFAULT CHARSET=utf8 COLLATE=utf8_unicode_ci;
/*!40101 SET character_set_client = @saved_cs_client */;

--
-- Dumping data for table `messages`
--

LOCK TABLES `messages` WRITE;
/*!40000 ALTER TABLE `messages` DISABLE KEYS */;
INSERT INTO `messages` VALUES (1,19,34,'Sed nulla aliquid soluta ullam. Quam enim in nam autem labore consequuntur. Qui molestiae vel rerum eaque et. Necessitatibus autem quis impedit quibusdam.',0,'1982-11-13 07:31:26'),(2,10,49,'Sit laudantium commodi suscipit eaque sunt. Veritatis aspernatur necessitatibus quam. Sunt et voluptas laborum possimus modi. Est est officiis iste optio.',0,'2014-09-13 22:42:29'),(3,61,15,'Officiis vel iure blanditiis mollitia deleniti illo voluptate. Harum laboriosam ullam voluptas ad. Unde beatae vel totam nam pariatur ratione aut.',1,'2000-09-01 20:52:05'),(4,88,86,'Repudiandae quibusdam et voluptas expedita voluptatem voluptatum. Mollitia aut similique veniam voluptatem vitae cupiditate. Occaecati id quia quaerat facilis veniam doloribus soluta. Modi maiores impedit itaque cumque praesentium sit reprehenderit ut.',0,'2011-12-16 06:49:42'),(5,88,85,'Accusamus similique qui repellat aut aut. Qui numquam a sequi explicabo pariatur rem. Sint adipisci est a dolores fugiat occaecati voluptatum. Ut autem reprehenderit dolores.',0,'1971-09-28 22:50:42'),(6,96,15,'Eum enim ipsa quia quia provident aperiam. Autem numquam aut molestiae pariatur a consequatur. Qui quis delectus incidunt praesentium ipsum in et. Nesciunt et maiores tempora fuga magni consequatur iusto.',0,'1970-02-02 03:46:39'),(7,66,13,'Fuga quaerat exercitationem assumenda aut atque eaque autem. Quaerat explicabo ut dignissimos fuga. Harum id adipisci ut blanditiis veritatis doloremque quas. Sit iure dolor occaecati eos laudantium est beatae.',0,'2002-09-17 13:38:20'),(8,36,77,'Beatae eos minus fugiat laudantium. Autem explicabo distinctio laborum fuga praesentium. Illum omnis omnis consequuntur omnis dolorum est facere dolores.',0,'2019-12-24 12:08:40'),(9,26,20,'Voluptatibus placeat est debitis qui. Sunt quisquam provident veniam consequatur vel. Reprehenderit libero et reiciendis nulla. Quia omnis cum voluptatem aliquid. Ut quaerat consectetur vitae rerum deleniti sapiente qui.',1,'1973-07-27 08:49:38'),(10,15,59,'Soluta et doloribus sunt quasi aspernatur. Commodi explicabo ut doloremque vel velit nam et aliquid. Qui cupiditate dolores porro tempora reprehenderit eos. Sit molestias ut facilis voluptatem facere tempore.',0,'1997-11-27 05:56:58'),(11,59,99,'Ducimus et nihil excepturi nihil. Aliquam maiores itaque adipisci molestiae ea ea blanditiis minima. Tenetur distinctio ipsum atque fugit. Iste autem quo consequatur reiciendis sapiente recusandae.',1,'1996-11-02 00:47:22'),(12,89,27,'Dicta iusto totam omnis iusto eaque. Est voluptatem mollitia tempora similique rerum. Id repudiandae nisi harum nam possimus expedita. Nulla unde omnis rerum maiores. Voluptas quam quo ex.',1,'2010-10-22 23:51:50'),(13,36,62,'Distinctio nihil sint qui magni praesentium quia voluptas quisquam. Ut aspernatur consequatur tenetur minus tempora tempora maxime. Aliquam quo totam est dolorum excepturi voluptatem minus.',0,'1973-01-06 04:42:35'),(14,39,44,'Blanditiis pariatur perferendis autem aliquam reiciendis. Magnam nisi aspernatur in esse est et. Temporibus quae ea voluptatem voluptates perspiciatis.',0,'1975-10-28 21:08:15'),(15,84,23,'Omnis ea omnis minus consequatur fuga accusamus. Omnis sed omnis similique quae amet. Placeat maxime qui velit consequatur enim blanditiis rerum. Commodi sit quis nostrum non odio.',1,'2019-07-07 04:38:48'),(16,5,2,'Aut dignissimos iure iure. Non nemo qui error. Laboriosam explicabo ut quos tempore. Consequatur corporis quidem molestias.',1,'1999-06-25 13:03:29'),(17,57,15,'Molestiae provident voluptates expedita in. Eos similique cumque eveniet minima dolorum. Dolores voluptatibus at voluptas animi molestiae. Iure tempora eos qui hic.',1,'1974-11-07 15:38:49'),(18,51,18,'Dignissimos a neque similique dolorem et ab ratione. Id quia dolores expedita incidunt magni et. Fugiat magni eum sit consequatur at sit accusantium eius. Distinctio laborum reprehenderit qui cum consectetur omnis quia. Atque suscipit iusto voluptates et id ad.',0,'1985-10-16 18:52:14'),(19,29,39,'Libero accusantium voluptatibus qui perspiciatis harum laudantium non. Ut in sint itaque quo fugiat autem. Ab distinctio repudiandae unde dolor fuga. Fugiat qui odit saepe enim.',1,'2014-03-31 23:55:18'),(20,3,17,'Nostrum qui qui ipsam sapiente. Mollitia est amet sed adipisci omnis excepturi. Nihil debitis fugiat mollitia eligendi.',0,'1972-04-04 10:34:57'),(21,23,99,'Nihil repellat eaque rerum velit. Eius dignissimos reiciendis adipisci officia perspiciatis tempora. Est sed sit totam maxime cumque error.',1,'2013-03-20 00:24:51'),(22,31,89,'Consequatur ratione neque dolorem voluptates. Molestias aut voluptatem aut recusandae. Officiis voluptas nulla ipsum molestiae repellendus. Maiores velit doloribus ratione praesentium quia voluptas.',1,'1997-06-05 14:30:52'),(23,11,67,'Numquam voluptas necessitatibus rem repudiandae. Et quia consequatur suscipit reprehenderit placeat.',1,'1972-02-15 01:35:06'),(24,66,37,'Molestias nihil in similique delectus quas ipsum. Ipsum enim doloribus aliquam possimus. Quidem quia molestiae qui. Doloribus autem animi sed accusamus perferendis similique. Voluptatem maiores dolore quo sint repellat.',0,'2007-04-05 16:38:29'),(25,87,80,'Sint voluptate tempora velit eligendi cumque sit est sapiente. Officiis esse facere voluptates sapiente. Optio ex est inventore. Dolor deleniti non magni vitae cum in.',0,'1979-05-23 15:14:19'),(26,95,45,'Quia ab et delectus blanditiis illum cumque adipisci. Dolore dolores aut vel quia. Perferendis ipsa provident aut quibusdam explicabo voluptatem quia. Odit doloremque accusamus corporis quasi dolorum magni. Aut non minus dolor similique aut.',1,'2006-01-31 04:25:34'),(27,79,84,'Dicta reiciendis magnam ratione veniam hic rerum non. Rerum expedita natus est. Quidem maiores repudiandae asperiores.',0,'2019-08-07 23:23:00'),(28,72,14,'Vel id velit dolor. Eaque provident autem dolorem sit. Unde cum voluptates vero laudantium fugiat et. Dolor nostrum blanditiis eaque.',1,'2007-05-25 04:24:05'),(29,45,10,'Quos ad autem impedit voluptatibus quod asperiores. Est aliquid cum corrupti eligendi. Rerum qui aliquid laudantium et nihil. Asperiores dolor voluptas quasi quo.',1,'1970-11-11 00:42:21'),(30,58,28,'Fugiat deleniti consequatur id eveniet. Et aliquam et omnis et rerum.',1,'1976-03-30 22:49:03'),(31,32,62,'Cum rerum voluptatem quia. Dolor eligendi qui maiores molestiae sit suscipit. Ab harum asperiores voluptatem rerum blanditiis aperiam quaerat.',1,'2020-09-03 20:11:49'),(32,30,89,'Id odit ipsum et est. Voluptatibus dolore omnis quos quam aliquam suscipit facere. Sit at rem rem quia.',0,'1985-08-30 21:38:55'),(33,76,81,'Minus doloribus totam nemo sit. Illum impedit molestias delectus autem illo. Eveniet nihil libero sit dolor autem laboriosam. Deserunt minus aut aspernatur a aut.',1,'1970-03-15 08:39:12'),(34,6,5,'Consequuntur ullam molestiae dolorem enim aperiam consequatur tempora. Voluptatem doloribus porro aut ut. Aut expedita sed eum at harum illo ea mollitia. Libero commodi et recusandae et beatae eius.',1,'2009-10-10 00:53:48'),(35,19,9,'Ipsa ratione voluptatem ex laboriosam dignissimos praesentium debitis. Nisi ut molestias laborum nihil omnis in repudiandae. Voluptas in omnis porro saepe facere modi iusto.',1,'2000-05-07 23:52:36'),(36,21,41,'Vel sint ut asperiores est nesciunt rerum. Dicta eos incidunt qui ullam molestias. Doloremque voluptas corporis nihil.',1,'1984-11-24 04:08:28'),(37,7,52,'Odit repudiandae voluptatem iure optio mollitia non consequatur maxime. Hic dolores aut placeat nam ab odio.',0,'1983-01-09 18:25:28'),(38,29,18,'Sit quis dolores facere aut. Voluptas sint in nam vitae doloremque quaerat.',1,'2019-11-26 17:24:36'),(39,18,95,'A consectetur dolor molestiae ut est voluptas. Repudiandae ipsa quas autem ab asperiores aut. Commodi doloribus tempora qui sapiente. Quisquam facere deserunt inventore voluptas. Consectetur in voluptas magni eos vel odit.',0,'1971-07-28 19:43:12'),(40,54,5,'Aspernatur corporis et nulla quo quaerat sed. Atque eaque ipsa maiores ea ea magni. Ea quia qui omnis corporis aliquam. Optio cupiditate omnis qui odit mollitia qui blanditiis.',1,'1975-04-19 13:11:31'),(41,74,49,'Quis et pariatur assumenda aut optio ut. Architecto similique odit et cumque saepe id voluptatem. Repellat velit esse maiores neque voluptatibus quae ut. Ipsam voluptatum harum temporibus qui ut expedita qui enim.',0,'1986-02-25 01:41:39'),(42,49,52,'Vitae voluptatem qui consequuntur nemo saepe delectus. Dolor ex in et sed in. Laborum vel reprehenderit necessitatibus harum sit.',0,'2006-12-16 00:30:54'),(43,32,20,'Magni est et magni vel quo ut provident. Omnis inventore est quae perspiciatis natus. Nobis aut quas consequatur. Fugiat enim voluptate tenetur accusantium doloribus officiis. Consequatur rem nisi quia et velit qui necessitatibus.',1,'1982-11-30 21:41:56'),(44,65,76,'Aperiam ad aperiam sint sed mollitia provident suscipit. Velit cumque quo error voluptas adipisci aut. Ex iure incidunt repudiandae optio rerum dolorem. Dicta eius eaque eius eligendi sint.',0,'2017-03-06 21:32:59'),(45,30,22,'Corporis et laborum magni voluptatem. Enim quia incidunt enim aut voluptatem. Quo quisquam ut eum atque expedita.',0,'1978-06-02 19:12:21'),(46,4,62,'Accusantium labore distinctio libero voluptas aliquam. Tempore a et doloribus sed sunt laborum qui. Amet est velit quia voluptates voluptatem enim ea rerum.',1,'1986-08-03 01:28:15'),(47,84,33,'Modi dolores mollitia ea veniam itaque architecto incidunt rerum. Non necessitatibus explicabo magni nihil rem expedita ut. Animi adipisci ipsum dolor et architecto aut non.',1,'1975-07-27 11:52:44'),(48,50,59,'Neque et qui architecto pariatur sint laborum. Impedit quis nulla voluptates quo perspiciatis quasi eos voluptas. Officiis voluptas nulla qui ad est minus. Nulla veniam consequatur voluptatem distinctio velit hic.',0,'1989-11-06 21:51:12'),(49,13,56,'Iure est qui sunt numquam. Quidem facilis aliquid sint aut. Eum ad exercitationem omnis quae minus laboriosam.',0,'1997-02-15 11:07:55'),(50,63,32,'Error voluptatem voluptatibus non perspiciatis ut tempore velit. Ea repellendus rerum maxime rerum. Nobis modi qui sed est error porro. Occaecati debitis dolores quaerat veniam quia autem.',0,'2011-02-01 00:25:40'),(51,64,84,'Quibusdam ratione natus est omnis eos voluptatem. Aliquid dolores dolorem illum aut. Provident deleniti quisquam asperiores ut enim quasi facere.',1,'1998-12-06 12:34:07'),(52,72,70,'Esse dolorum sequi sit et eos alias voluptatibus. Adipisci optio et vel voluptatem error dicta. Eos minima veritatis quisquam quibusdam. Quibusdam et ab hic odio error qui maiores.',0,'2007-09-09 22:32:11'),(53,36,1,'Quod voluptates voluptatem ut magni cumque sed aliquam. Voluptatem sunt doloremque est non eveniet. Assumenda officiis magni similique et dolores quia aperiam magnam.',0,'1973-04-24 08:29:48'),(54,87,54,'Nihil qui non cupiditate minima placeat pariatur molestiae. Eos voluptas aut fugiat facere adipisci non ipsam. Magni quia eum unde velit fuga iure.',1,'1991-07-09 08:18:11'),(55,95,41,'Aperiam totam mollitia reiciendis omnis. Quae quaerat porro autem totam. Fugiat iste fugit ut quasi tempore. Esse quis voluptates quod ut reprehenderit beatae.',1,'1983-08-20 16:35:39'),(56,58,69,'Neque dolor maxime natus laboriosam enim sit. Voluptas qui rerum et magni.',0,'1980-08-08 00:17:30'),(57,89,6,'Sunt mollitia ut et. Excepturi ratione aliquid ut nihil non. Quis velit voluptas repellat molestias reprehenderit. Ea dolorem nobis sit et commodi. Commodi incidunt tenetur odit alias.',1,'2008-07-20 19:08:12'),(58,21,20,'Reprehenderit ipsum delectus tempore alias velit molestiae quia. Dolores ipsam placeat optio non esse.',1,'2003-10-05 09:07:41'),(59,26,85,'Explicabo temporibus deserunt unde asperiores. Delectus eos dolor minus ut dolorem.',1,'1970-03-21 12:05:57'),(60,96,55,'Suscipit cupiditate illum qui laboriosam modi rerum et. Hic est quis officia voluptatem. Laudantium enim esse id consequuntur accusantium rerum omnis. Est itaque veniam in omnis iure omnis aliquam. Eos unde eos voluptatem velit sed autem.',1,'1989-11-18 03:02:59'),(61,7,100,'Qui labore nihil nihil officiis. Numquam ea molestias doloribus deleniti. Consectetur qui reprehenderit qui similique. Sapiente et numquam vel iure vero molestias laborum.',0,'1998-08-03 14:12:21'),(62,16,91,'A corrupti laudantium a sequi voluptas. Eius non velit corrupti explicabo.',0,'2015-02-02 23:47:27'),(63,33,66,'Est suscipit asperiores tempore distinctio. Doloribus sapiente porro vero deserunt quae et quisquam. Deserunt corporis at sunt et. Repellat sed quia recusandae qui explicabo.',0,'2006-02-13 09:49:33'),(64,49,46,'Eaque sunt sint consequatur quaerat. Adipisci dolore officia voluptates et consectetur voluptas quis. Illo aperiam debitis quae commodi.',1,'1987-01-05 16:43:50'),(65,21,12,'Repellendus qui corrupti quam et. Qui vitae voluptatem velit vero minima repellendus et. Et quidem id consequatur perferendis repudiandae iusto.',1,'1976-03-23 02:24:48'),(66,77,85,'Sapiente dicta maiores sint non nostrum necessitatibus ex. Ut in quasi eum et iure. Quibusdam nesciunt nesciunt hic debitis magni laudantium quo. Aut qui ab temporibus quae.',1,'1994-01-27 17:27:50'),(67,96,49,'Aut eligendi nihil sequi ipsum beatae sapiente. Doloribus maiores laudantium veniam provident.',0,'2011-08-26 09:22:11'),(68,55,31,'In velit et dolore nesciunt distinctio esse. Vitae repudiandae rem pariatur repudiandae. Et corporis tempora et aliquid ducimus. Minima perspiciatis dolores qui qui.',0,'1971-03-05 03:38:55'),(69,49,41,'Fuga aut ipsam voluptate vel commodi est possimus. Culpa nobis qui qui. Sit quidem harum ea.',0,'1998-04-23 07:18:17'),(70,84,44,'Eos ut placeat sed alias distinctio consequatur nihil rerum. Officia iste assumenda dolores modi labore.',1,'2002-06-12 05:44:03'),(71,82,41,'Sequi veniam ullam minima vero. Quasi fugit non deserunt pariatur voluptatibus. Architecto et non possimus ut.',0,'2019-02-01 17:45:25'),(72,13,70,'Repellat omnis tempore doloribus sint ratione et ipsum. Fuga autem illum neque.',0,'1983-05-23 09:09:47'),(73,47,33,'Dignissimos aut dolorem et. Reiciendis facere et voluptate magnam dolore. Harum rerum accusamus sit. Ut optio facere quis laborum assumenda iure deserunt. Autem et facere ut voluptas totam fugiat dolorum.',1,'2003-05-09 01:49:25'),(74,90,73,'Rem voluptatem praesentium reprehenderit. Nam nulla voluptas impedit. Ipsum laboriosam reprehenderit beatae iusto autem.',1,'2000-05-07 00:10:21'),(75,18,86,'Sed sed est natus. Aut consequatur quasi consectetur pariatur suscipit hic culpa.',0,'2016-12-01 23:45:58'),(76,27,24,'Est dignissimos laborum ut aliquid maiores. Repellat debitis nisi error numquam laborum. Recusandae qui quia ut ut nihil rerum nihil.',0,'1977-06-30 01:42:08'),(77,85,43,'Voluptas nihil harum ipsam veniam inventore sed omnis. Est voluptate vero aliquam cum eaque numquam optio perspiciatis. Temporibus maiores laboriosam nihil assumenda aut. Aspernatur quo est quia dicta amet deleniti.',0,'1980-09-09 01:51:29'),(78,14,17,'Incidunt voluptatem adipisci consequatur nemo qui sed. Hic id ut velit. Modi commodi provident odio facilis aliquid nam.',1,'2017-02-28 17:18:00'),(79,9,63,'Distinctio ut hic odio error. Vel sunt enim reiciendis odio a.',0,'1971-11-21 22:20:31'),(80,63,30,'Eum magni possimus repudiandae mollitia nam ut dignissimos. Quis sapiente ratione assumenda facilis est voluptatem modi et. Odit consectetur et tempore. Ducimus non esse doloremque dolore nulla.',1,'1988-04-02 13:34:58'),(81,75,39,'Sit soluta sunt voluptate et sit voluptas. Perferendis et ut temporibus sed sed. Blanditiis quas tempora et in ut incidunt. Est maiores autem nihil excepturi.',1,'2004-02-20 14:23:04'),(82,14,71,'Itaque quis omnis nihil occaecati. Aut ut alias ut ipsa. Iste non nihil incidunt voluptas quae aliquam quia.',0,'1995-12-20 04:47:41'),(83,87,68,'Nostrum quaerat temporibus possimus velit sapiente est odio. Consectetur sit et qui ea voluptatem. Qui veritatis ea inventore ipsa non.',0,'1976-11-18 10:07:11'),(84,1,36,'Sit molestiae recusandae accusamus non amet placeat modi suscipit. Quisquam officiis recusandae perspiciatis sint quia necessitatibus reiciendis.',1,'2016-05-26 10:25:05'),(85,9,85,'Ea enim recusandae quo. Repellendus nam accusantium ut dolorum cum et. Officiis quo sapiente eum. Maiores officia quia esse quisquam sed eveniet deleniti et. Inventore qui modi et ipsam.',0,'1975-01-12 18:30:19'),(86,80,90,'Vero molestiae qui et facere voluptatibus non. Rerum quae vel nihil voluptatem expedita et tenetur. Et explicabo nesciunt fuga est repellendus eligendi aliquam et.',0,'1971-02-26 06:32:17'),(87,26,92,'Fuga architecto necessitatibus aut rem. Repellendus praesentium ipsam voluptatem vel velit. Iusto non dicta qui ad blanditiis labore. Consequatur harum et illo.',0,'1970-04-05 19:03:17'),(88,60,72,'Quia saepe esse perferendis. Laudantium quia facere officiis culpa. Autem laboriosam ea qui adipisci aut quo.',1,'2008-08-03 00:52:45'),(89,24,49,'Explicabo cum alias ea architecto incidunt voluptates. Dolores aliquam magni voluptatem mollitia provident. Quia et exercitationem nisi nulla.',1,'2018-07-19 19:25:37'),(90,44,41,'Accusamus repellendus perspiciatis atque voluptatem deleniti. At nisi reiciendis placeat architecto amet qui quo. Ex fugiat quia ad accusamus rem dolores.',0,'1973-01-16 10:18:15'),(91,34,71,'Et porro dicta nobis nesciunt provident. Error dolorum sunt sint possimus sint aut nobis.',0,'1990-04-25 05:34:32'),(92,65,19,'Id aut vel totam exercitationem dolores rerum dolorum. Voluptas veniam aut autem et dolorum. Recusandae officia expedita quasi vel sunt aut alias.',1,'2008-02-22 14:16:52'),(93,14,79,'Quia quae voluptate voluptatem perspiciatis debitis et excepturi commodi. Praesentium autem esse perspiciatis ea voluptatem. Quas ullam non aut eum necessitatibus quas. Non temporibus accusantium aperiam.',0,'1995-05-29 21:10:20'),(94,36,22,'Eius eos nulla dolorem totam quas dolore. Voluptatem possimus neque dicta ab reiciendis dolores. Consequatur qui ut mollitia possimus aut. Consequatur fugiat ea delectus sit qui.',1,'2006-11-27 08:36:39'),(95,42,98,'Reprehenderit qui consequatur sunt rerum ad perspiciatis. Quia temporibus non ut laboriosam. Excepturi hic totam tempore id inventore esse sed. Possimus vitae iusto rerum culpa optio pariatur placeat.',0,'1987-01-16 17:18:20'),(96,51,17,'Veniam quia et id modi. Id eos et alias sit est. Voluptate dolorem itaque eius blanditiis.',1,'2002-09-28 16:50:14'),(97,37,65,'Quasi mollitia et repudiandae libero unde. Est aperiam quas adipisci sit explicabo velit. Aspernatur sint hic eaque perspiciatis quaerat quam. Modi sit nihil minima nihil.',0,'2006-05-23 09:20:49'),(98,87,24,'Amet aspernatur dolorem perspiciatis accusantium hic dolorem consectetur. Sequi aut asperiores blanditiis saepe. Neque voluptas totam aliquid fuga voluptas officiis minus debitis.',0,'1986-05-27 23:40:32'),(99,32,87,'Eum quo laborum nihil. Dolorem tempore est blanditiis. Est aliquam non eos quasi labore.',1,'2012-09-22 11:51:39'),(100,59,41,'Illo exercitationem expedita pariatur voluptatem voluptatem illo molestiae. Reprehenderit quia aut aperiam ratione consectetur sed. Aspernatur aut minima aspernatur qui aut.',1,'2004-04-11 05:34:56');
/*!40000 ALTER TABLE `messages` ENABLE KEYS */;
UNLOCK TABLES;

--
-- Table structure for table `photos`
--

DROP TABLE IF EXISTS `photos`;
/*!40101 SET @saved_cs_client     = @@character_set_client */;
/*!50503 SET character_set_client = utf8mb4 */;
CREATE TABLE `photos` (
  `id` bigint unsigned NOT NULL AUTO_INCREMENT,
  `filename` varchar(200) DEFAULT NULL,
  `user_id` bigint unsigned NOT NULL,
  `description` text,
  `create_at` datetime DEFAULT CURRENT_TIMESTAMP,
  PRIMARY KEY (`id`),
  UNIQUE KEY `id` (`id`),
  KEY `user_id` (`user_id`),
  CONSTRAINT `photos_ibfk_1` FOREIGN KEY (`user_id`) REFERENCES `users` (`id`)
) ENGINE=InnoDB AUTO_INCREMENT=101 DEFAULT CHARSET=utf8mb4 COLLATE=utf8mb4_0900_ai_ci;
/*!40101 SET character_set_client = @saved_cs_client */;

--
-- Dumping data for table `photos`
--

LOCK TABLES `photos` WRITE;
/*!40000 ALTER TABLE `photos` DISABLE KEYS */;
INSERT INTO `photos` VALUES (1,'quia',97,'Voluptatem dolorem dicta asperiores accusamus nostrum dolore id. Neque quo sapiente excepturi. Ut enim eveniet qui repudiandae necessitatibus tempore corporis id. Velit aperiam illo dignissimos at quo.','1990-12-06 14:03:18'),(2,'doloribus',9,'Placeat omnis doloribus inventore animi explicabo non. Non et consequuntur quo rerum aut atque. Illum accusamus quae possimus ut culpa sit aut.','1998-07-30 09:22:04'),(3,'cupiditate',27,'Ut est id quis voluptatem. Odio nihil adipisci non debitis adipisci aperiam. A ea quisquam nihil. Quae ipsum impedit in temporibus omnis sunt dolorem.','2007-08-13 13:38:17'),(4,'aliquam',97,'Nulla deserunt ut et deserunt error saepe. Quasi qui repellat consequuntur dolores dolor odit aliquam. Distinctio voluptatem voluptas non error qui ut delectus. Nulla tempore eum consectetur quo.','1981-01-05 17:47:36'),(5,'placeat',81,'Repudiandae pariatur dolore sit vel. Quaerat et molestias optio facere repudiandae. Vel voluptatem blanditiis modi.','1985-09-09 14:52:53'),(6,'excepturi',14,'Voluptatibus optio nam inventore ea. Et delectus quibusdam id sit. Iure fuga qui non amet rerum doloribus.','1998-01-21 02:48:21'),(7,'voluptatem',94,'Esse unde veniam ea et sit consequatur. Voluptate quia vitae aut et.','1987-04-29 19:12:54'),(8,'enim',42,'Labore eos praesentium minima deserunt neque. Similique placeat vel voluptatum qui qui aut sint veniam. Eveniet ullam harum nesciunt blanditiis esse ut soluta incidunt.','1985-11-28 11:58:24'),(9,'voluptatem',65,'Quam veniam id error earum eveniet pariatur et. Qui doloribus vel omnis perferendis. Et dolorum accusamus numquam qui repellat consectetur eveniet. Quis mollitia ipsa provident numquam.','2002-02-10 23:42:39'),(10,'voluptas',94,'Sed quisquam natus ut sit enim. Hic recusandae consequatur blanditiis at impedit. Pariatur quae id nulla. Sequi neque maiores nam neque praesentium ipsam.','1980-10-16 09:00:38'),(11,'omnis',92,'Non sit reprehenderit modi. Suscipit quis culpa voluptas sint provident quasi omnis culpa. Consequuntur necessitatibus magnam mollitia qui. Assumenda optio a est neque qui voluptatem.','2000-07-03 10:49:28'),(12,'mollitia',39,'Et animi vel nihil dolorem. Autem fugit nihil reiciendis doloribus et incidunt. In dolor sit enim iure. Fugit modi quia natus fugiat.','1994-09-18 11:32:32'),(13,'quidem',67,'Ex et fugiat qui provident. Itaque totam facere modi dolores est dolorum autem ut. Culpa aut tempora distinctio sunt dolorem ducimus voluptas ut.','1994-01-18 10:02:27'),(14,'rerum',21,'Laborum eius quis incidunt quidem. Illo magni corrupti nobis magnam rerum. Eos reiciendis iure corrupti non ut illo vel.','1982-01-05 17:31:52'),(15,'magnam',81,'Ut dicta consequatur ut. Cumque neque eaque minus nobis et dolor laudantium. Illo dolore unde quisquam impedit.','1981-07-07 17:50:27'),(16,'necessitatibus',56,'Quae et commodi nobis culpa est. Pariatur ad tenetur laboriosam aliquid id. Nostrum sapiente a veritatis iste ut quidem vel quod. Enim fugit repellendus qui nulla est.','1995-05-20 07:00:07'),(17,'quasi',74,'Consequatur voluptas sit et quibusdam maiores. Totam rerum qui omnis saepe delectus maiores. Ratione minima error delectus corporis. Laudantium non laudantium voluptatum odio.','2019-02-16 17:20:12'),(18,'ut',83,'Accusantium adipisci deserunt voluptate cum explicabo odit. Tenetur eveniet unde qui accusamus omnis placeat necessitatibus. Ratione porro eos quibusdam saepe animi eveniet. Est eligendi praesentium quisquam et. Qui corporis architecto quod autem.','1985-12-26 07:29:48'),(19,'provident',3,'Et at culpa eos eaque repellat veniam mollitia. Sit sed sit aliquam in veniam officiis. Sint ratione numquam et et ut ducimus consectetur. Ex quasi et quos quidem numquam.','1975-07-23 10:39:03'),(20,'reiciendis',3,'Libero minima fuga et iste dicta numquam iste earum. Error recusandae quo odio et aliquam dolorem architecto. Ut vel assumenda quo aut adipisci.','2003-12-10 17:59:52'),(21,'doloribus',74,'Aut ad molestias eligendi earum vitae commodi. Modi in voluptatem et sequi laborum non. Accusantium et quod fuga doloribus voluptatem reiciendis quasi. Corrupti possimus molestias amet sunt.','1986-09-25 03:46:56'),(22,'inventore',39,'Sit nam sed sed quod nesciunt quia. Dignissimos aut tempore esse illo ab consequatur. Ducimus rerum quia et repudiandae minus.','2005-04-12 10:34:27'),(23,'eligendi',67,'Ut quibusdam voluptatem est aliquam qui eveniet. Molestiae nemo enim odit qui delectus.','2014-03-08 10:07:15'),(24,'nemo',7,'Quasi omnis repellat in et. Unde sed ut modi aspernatur nihil ipsam hic. Sed dolor molestias occaecati atque. Nisi architecto ratione vero odio.','2018-11-15 01:17:00'),(25,'ut',8,'Soluta sed excepturi ut ipsa. Sapiente ab illum quam occaecati ipsum quae. Nobis aperiam quia reprehenderit libero omnis adipisci consequatur.','1989-07-02 06:34:10'),(26,'ullam',59,'Consequuntur atque provident quo architecto eum. Et asperiores molestiae minus. Dicta omnis est voluptas dolores ut dolores.','1974-06-09 17:44:25'),(27,'velit',44,'Nostrum quas et distinctio. Sunt nesciunt saepe eaque odit consequatur eaque. Et minima est qui qui. Inventore sit quae corrupti voluptatem. Autem rerum aut aut aspernatur neque.','1986-01-25 21:15:50'),(28,'dignissimos',34,'Libero eligendi consequatur culpa est eos ratione ratione. Incidunt non dolorem praesentium quisquam. Qui veritatis eveniet et sequi optio.','2003-04-20 01:01:12'),(29,'maxime',74,'Fugiat iure numquam sint. Illo eligendi et quia pariatur fugit voluptas tempora ut. Et odio est possimus architecto asperiores aut adipisci. Quos dolor omnis ipsum rem consectetur provident et aut.','1992-08-05 23:38:51'),(30,'aperiam',27,'Vero est aliquid earum at. Aut commodi aut reprehenderit doloremque quo itaque. Quis reprehenderit asperiores in harum ea hic et minima.','2019-05-20 08:25:35'),(31,'voluptas',30,'Asperiores eum ut qui a. Aliquam consectetur aspernatur qui fugit. Hic provident voluptas id vel rem voluptatem ipsum mollitia. Officia in in optio aut nesciunt veritatis.','1999-04-21 17:47:06'),(32,'voluptate',71,'Eius sint pariatur autem iusto cum. Ullam tempore necessitatibus quidem neque. Nihil exercitationem error non deserunt. Aspernatur illo et dolore eligendi.','2002-06-06 22:51:18'),(33,'quae',35,'Deleniti sed pariatur aliquam culpa est molestiae velit. Minima sit ipsam fugit. Ut suscipit vel tempore quam. Fugiat quo illo deserunt nihil odit ea. Nesciunt dicta voluptatem debitis consequuntur est.','1999-12-29 20:21:06'),(34,'iusto',57,'Optio pariatur numquam ipsum. Sequi debitis omnis iusto. Quo perspiciatis rerum amet nisi quia. Sed consectetur ad quisquam.','1971-10-15 18:20:58'),(35,'doloremque',67,'Labore mollitia et est voluptates. Quia exercitationem consequuntur aut. Voluptatibus aut voluptatibus harum magnam quo est. Quam ab ducimus ut.','2011-08-27 15:19:20'),(36,'sit',16,'Quis maxime illo maiores nihil ratione. Veritatis officia asperiores distinctio consequuntur itaque et. Perspiciatis repellat dolores corporis non ratione.','2009-11-05 14:07:13'),(37,'aut',70,'Sequi mollitia quia commodi temporibus quisquam dolorem soluta vel. Maiores quam error fugit. Provident commodi consequatur quis. Deleniti nemo tempore commodi eum ut pariatur est. Autem nihil ipsam non consequatur id recusandae voluptatem est.','2000-10-28 03:34:27'),(38,'omnis',60,'Non libero deserunt tempore. Non quos inventore doloribus ipsum. Dolores eveniet corrupti ad vel dolore doloremque eligendi soluta.','1978-10-11 13:14:42'),(39,'ut',57,'Enim quam ut officia at voluptas veniam perspiciatis dolorem. Reprehenderit incidunt voluptatum voluptatem quasi repellat enim et dignissimos. Eligendi rerum id recusandae esse iste.','2013-10-17 18:33:42'),(40,'aut',35,'Neque ullam iste numquam sapiente dolorum. Omnis eius omnis quia quaerat laborum explicabo nostrum veritatis. Numquam ducimus accusamus illum id. Et esse tempora qui asperiores illo. At ullam cum saepe nemo ullam harum optio.','2001-09-12 20:27:44'),(41,'voluptatem',53,'Repudiandae molestias illo esse neque commodi. Hic consequatur consequatur et vero aspernatur sunt animi consequatur. Illum consequatur cum odit sit veniam voluptas quod. Adipisci qui molestias reiciendis quo sed.','1994-08-30 12:27:13'),(42,'quia',48,'Laborum et adipisci quos corrupti. Et et veniam error non reiciendis magni occaecati. Minima sed labore incidunt autem error qui veniam consequuntur.','1972-07-22 07:50:45'),(43,'odio',73,'Et atque fugiat aut vel et dolor quia. Eius distinctio sed dolorem numquam. Reiciendis voluptates libero atque deleniti et quisquam. Et animi ut debitis ut quo aliquam amet.','1998-09-02 04:50:12'),(44,'nemo',20,'Dolores id consequatur aliquam quis dolorem corporis nemo. Et aperiam ut ut culpa ducimus.','1994-03-27 00:37:27'),(45,'suscipit',69,'Quam dolore quia illo reprehenderit maxime in officia. Maxime autem tempora quidem ad maiores.','2011-11-02 10:20:30'),(46,'omnis',53,'Neque est accusamus ullam illo. Ipsa rem vero quaerat nihil cum esse aspernatur. Enim aut magni omnis ut quasi.','2015-07-30 08:43:57'),(47,'dolorum',75,'Ad sed eligendi non doloremque nostrum deleniti. Aut id sit sit non. Consectetur distinctio praesentium qui nulla ratione exercitationem.','1980-01-01 08:10:30'),(48,'perspiciatis',43,'Qui eveniet quam cupiditate tenetur quas consequatur. Dolorem magni et nobis. Quisquam delectus assumenda fugiat odit pariatur soluta hic. Quae animi necessitatibus sed est aut magni exercitationem.','1971-05-30 06:02:56'),(49,'dolorem',36,'Aut consequatur quo quasi optio culpa nemo ut. Rerum unde corrupti sequi ut.','1994-07-09 21:15:29'),(50,'consequatur',77,'Minus aut eos nihil aut odio. Quae nulla sed quaerat deserunt. Earum id quibusdam ut suscipit autem sint. Facere consequatur sapiente aut eos ea.','2005-08-06 10:49:31'),(51,'cum',45,'Optio voluptatum expedita nihil reprehenderit consequatur ea in. Iure voluptas aut vel voluptatem.','2019-05-25 21:12:21'),(52,'eveniet',9,'Facere aliquid commodi libero quidem. Nam ut sed eos aperiam dolores. Molestias reiciendis ea alias dicta.','1998-12-30 07:49:05'),(53,'labore',16,'Iste et consequatur illum et saepe animi quisquam consequuntur. Et deleniti reiciendis ipsa vitae ab qui et. Quia cumque officia ex incidunt.','2002-10-10 23:04:11'),(54,'a',12,'Libero et aut doloremque quisquam. Eaque animi cupiditate praesentium aliquid natus temporibus aliquid ipsa. Vel rem sint sit cum.','1994-06-25 16:10:03'),(55,'mollitia',16,'Omnis vero quam quas quasi excepturi. Nisi voluptas molestiae molestiae quibusdam. Molestiae asperiores amet eum officiis odio. Iure rerum dolorem omnis iste et.','2010-06-11 09:39:08'),(56,'eum',24,'Praesentium voluptatum nihil perferendis ipsum saepe labore modi. Dignissimos delectus pariatur autem et eos in molestiae. Et aperiam tempora iste nihil consequuntur sapiente dignissimos.','1986-01-27 14:56:53'),(57,'autem',70,'Molestiae et quis odio fugiat ut dignissimos. Molestiae voluptatem omnis nemo odit dolores voluptatem. Modi doloribus odio aut error. Tempore ducimus assumenda officia nemo tempora omnis eos.','2000-04-12 17:45:36'),(58,'aut',59,'Modi qui velit voluptates ratione. Autem voluptates quo iusto. Saepe sed ipsum eveniet harum.','1976-08-02 14:15:43'),(59,'quis',57,'Nesciunt ipsa dolores dolorem eum. Eveniet asperiores vel consequatur saepe ipsa. Est consequatur voluptatem accusamus rerum vel. Libero quia atque in voluptatem minus voluptates mollitia. Adipisci est totam sed facilis.','2002-10-28 00:31:13'),(60,'voluptatibus',44,'Omnis sed blanditiis et eaque qui dicta enim. Sed cum architecto itaque fugiat. Vero est optio est voluptatem quasi omnis. Cumque vero et qui ut.','1976-07-26 18:29:02'),(61,'incidunt',85,'Voluptatem nihil sint eius dolores ipsum. Velit laudantium odit autem sint. Praesentium ut atque porro unde iusto magnam. Doloribus ab ab et non.','1986-11-28 00:47:54'),(62,'ipsa',87,'Sit et esse porro. Ut neque labore voluptas aut alias ullam aliquam. Quo voluptatum enim qui molestiae maxime voluptatem illum. Inventore rerum nemo quia eos.','2003-10-29 09:26:17'),(63,'veritatis',14,'Molestiae earum nostrum et impedit ipsum ullam sed. Animi sunt voluptas eos et.','1991-02-25 16:47:24'),(64,'perspiciatis',20,'Debitis maxime esse tempore et voluptatum. Hic molestiae provident totam illo est. Qui omnis quia deserunt alias vitae voluptates.','1986-01-04 12:01:47'),(65,'suscipit',43,'Asperiores qui eos veritatis hic. Harum consequatur omnis delectus commodi. Quia deleniti omnis quidem aperiam eos hic.','2019-10-30 14:21:48'),(66,'sit',80,'Laboriosam dolores nam voluptatem laboriosam rem. Exercitationem ut quod hic voluptatem optio molestias placeat. Nam accusamus eos ad. Sint harum ratione consequatur optio laborum animi deserunt.','1993-11-17 12:25:42'),(67,'quae',36,'Vel unde et provident est quia. Vel eveniet est molestias laborum sint delectus quod maxime. Ex dolorem saepe numquam.','1993-10-05 12:21:41'),(68,'recusandae',12,'Et vitae illum placeat sequi. Exercitationem sed sed beatae ut officiis quasi doloremque qui. Voluptatem delectus aliquam velit expedita. Et fuga minima architecto est officia est velit.','2008-03-24 13:59:33'),(69,'laborum',40,'Ut recusandae aut quas aut odio occaecati. Odio laboriosam itaque quos. Dolorem rerum eos deserunt non. Minima explicabo consequatur delectus eos.','2011-05-03 23:16:17'),(70,'aliquid',92,'Enim quo delectus doloribus dolor praesentium aut rerum. Ex fugiat facere amet et. Aliquid aspernatur quisquam iure similique possimus unde. Sunt earum consequatur officiis consequatur.','1981-02-10 08:19:51'),(71,'placeat',46,'Nihil nam officiis expedita ut. Explicabo asperiores et ex nihil quia. Quisquam quia ut vitae porro ullam. Numquam dolorem dolor dolores occaecati explicabo.','2012-11-10 22:09:16'),(72,'cum',93,'Molestiae cum natus culpa sint aut molestiae expedita. Voluptatem voluptates aut ut cum cumque rerum voluptas. Optio doloribus sed asperiores et illum. Blanditiis culpa nam totam minus optio voluptatem laudantium.','1971-08-12 14:57:16'),(73,'odio',40,'Officia laboriosam ad amet adipisci dolor deleniti deleniti dicta. Labore sint eligendi mollitia voluptates dolores. Sint ea non vel ad hic quasi eos. Alias vel cumque pariatur quod.','2009-11-05 09:48:56'),(74,'odit',19,'Molestiae sapiente voluptate optio est unde ab minima. Adipisci recusandae aliquam quam culpa autem animi velit. Velit est ex illo ea. Consequatur est perspiciatis nostrum.','2002-12-07 20:41:03'),(75,'omnis',12,'Eos vitae aliquid atque dolores fuga. Qui ab possimus voluptatem accusantium. Et id consectetur veritatis ab occaecati adipisci officia. Neque perspiciatis quis quo qui quis et ad.','2012-11-21 14:44:13'),(76,'nobis',9,'Doloribus distinctio aut incidunt qui repudiandae provident eum quibusdam. Culpa recusandae et quos reprehenderit. Maxime odit labore nisi eos ut quos repudiandae libero.','2017-06-03 09:44:22'),(77,'quos',71,'Qui quia in ipsum molestiae. Ea dolorem voluptatem ut qui optio tenetur expedita. Eos et et fugit harum quidem ullam.','1975-04-30 22:35:53'),(78,'aspernatur',87,'Fugit laudantium minus commodi aliquid quos perspiciatis. Debitis recusandae dolores sequi hic aut. Quia dicta quia esse laboriosam quisquam officia tenetur. Inventore quo molestiae aut esse consectetur.','1987-11-21 22:30:16'),(79,'facilis',51,'Minus facere delectus fugit inventore qui. Dolorum exercitationem voluptatem velit eos est voluptatem quas. Earum veniam labore molestias recusandae.','1974-08-30 03:38:09'),(80,'doloribus',7,'Sed beatae corrupti reprehenderit atque. Expedita nisi magnam ut ut. Repellat ut sit aut et. Quod ea eveniet ex voluptates architecto odit quo.','1970-05-01 21:44:00'),(81,'iure',64,'Et non quia quasi eum non illum nostrum. Et sit blanditiis id consequatur. Ipsam ab aut sed laborum.','1992-04-01 21:58:32'),(82,'expedita',95,'Et accusantium qui a et vel et. Enim accusamus earum qui et alias est id. Omnis repellat iste cum laudantium voluptatum ipsa et.','1987-03-14 17:22:15'),(83,'tenetur',16,'Deserunt perspiciatis sunt aut quaerat repudiandae. Cumque neque temporibus rerum nesciunt. Aut suscipit perferendis ut repudiandae. Aut in molestiae ut assumenda quos.','2008-08-08 02:23:30'),(84,'sit',79,'Provident aliquid iure et quae natus sapiente commodi. Hic quasi facilis suscipit enim sunt possimus est. Deserunt itaque provident doloremque quidem voluptate occaecati voluptatem. Maiores aut autem fugit temporibus nostrum.','1973-01-04 05:25:23'),(85,'eius',7,'Porro consequatur pariatur maiores deleniti numquam. Est aut et libero et. Autem ipsam sed deleniti similique sed. Est ipsa repudiandae exercitationem natus.','2018-10-02 03:44:14'),(86,'officiis',31,'Sunt quibusdam enim aut nam veniam explicabo qui. Minus sit rem quia quo ut dolorem sint. Sunt deserunt ut facere voluptas omnis. Cupiditate dicta alias est deserunt fugiat deserunt.','1970-11-05 07:10:13'),(87,'nulla',3,'Error qui ut quidem consequatur. Aut eligendi vel modi totam. Eos velit ut quae corporis cupiditate culpa. Nam impedit vitae commodi ut eos sapiente.','1992-02-20 23:00:40'),(88,'sed',76,'Tempora et ipsam voluptate ut laborum dolorum officiis autem. Quos qui omnis et alias numquam ut repellendus ea. Suscipit in officiis vel aspernatur cupiditate.','2004-03-31 02:15:37'),(89,'et',89,'Voluptas ipsum eum sint in. Dolor quidem eos sint ut quod deserunt. Aut omnis fugit corrupti vero accusamus. Enim repudiandae delectus ut quam.','2017-07-12 09:21:31'),(90,'ipsa',59,'Neque aut et nihil sapiente. Qui ipsa et beatae enim recusandae laborum. Maxime enim ut in reprehenderit a sit omnis.','2011-03-09 10:24:32'),(91,'quia',19,'Soluta quod totam cumque et. Et inventore id harum esse et in perferendis. Omnis vel dolorem quae similique cupiditate commodi aut autem.','1982-08-12 01:18:49'),(92,'omnis',74,'Minima fugit tenetur enim autem voluptates pariatur. Et enim consequatur accusantium laborum nam aliquam. Ut provident corporis eum eos veritatis numquam sit.','2006-10-27 20:22:59'),(93,'aut',46,'Nihil modi dolorem odio et et non laborum velit. Minima perspiciatis qui non amet repudiandae error quia. Quia aut velit tenetur explicabo earum maiores.','2015-06-01 12:22:39'),(94,'qui',32,'Consectetur architecto consequatur tenetur est nobis aut dolorum fuga. Facilis totam corporis autem repellat voluptatem officiis. Aut neque inventore quo molestias rerum. Minus soluta excepturi quis et sed. Expedita repellat voluptatem voluptas quaerat necessitatibus possimus earum.','1972-11-27 08:25:07'),(95,'et',93,'Dolorum enim sint laborum numquam eum. Culpa aspernatur soluta incidunt et suscipit aperiam. Voluptatem enim mollitia molestiae eum. Aperiam placeat amet ut sequi aspernatur rem dolorum fugit.','2013-01-22 14:19:09'),(96,'ullam',88,'Ea et voluptas eligendi voluptatum. Voluptatum eligendi inventore quod aut at neque sapiente non. Atque ducimus officiis amet voluptate ullam quo. Et earum id qui aliquam. Accusamus est corporis molestiae quam quo.','1987-01-15 03:08:20'),(97,'asperiores',12,'Voluptas voluptates in repudiandae consectetur. Atque vitae et facilis vitae. Adipisci atque quam numquam atque ratione asperiores quos. Iusto nesciunt deleniti ut.','1988-08-03 02:11:00'),(98,'minima',28,'Laborum quia suscipit et sapiente eius et. Omnis pariatur quam et sit omnis fugit. Debitis sequi nesciunt ullam esse voluptatum et qui. Pariatur earum pariatur temporibus recusandae consequatur non in ut.','1970-11-25 20:01:30'),(99,'qui',100,'Est ducimus tempora temporibus possimus culpa sit animi qui. Rem eligendi quia laboriosam rerum. Aspernatur consequatur eos repudiandae et quis.','1973-12-15 00:55:45'),(100,'reiciendis',51,'Sit est est ipsam aut qui. Quia odit nemo quis et. Sunt alias porro deleniti necessitatibus.','1980-10-04 02:08:25');
/*!40000 ALTER TABLE `photos` ENABLE KEYS */;
UNLOCK TABLES;

--
-- Table structure for table `posts`
--

DROP TABLE IF EXISTS `posts`;
/*!40101 SET @saved_cs_client     = @@character_set_client */;
/*!50503 SET character_set_client = utf8mb4 */;
CREATE TABLE `posts` (
  `id` bigint unsigned NOT NULL AUTO_INCREMENT,
  `user_id` bigint unsigned NOT NULL,
  `post` text,
  `create_at` datetime DEFAULT CURRENT_TIMESTAMP,
  `updated_at` datetime DEFAULT CURRENT_TIMESTAMP ON UPDATE CURRENT_TIMESTAMP,
  PRIMARY KEY (`id`),
  UNIQUE KEY `id` (`id`),
  KEY `user_id` (`user_id`),
  CONSTRAINT `posts_ibfk_1` FOREIGN KEY (`user_id`) REFERENCES `users` (`id`)
) ENGINE=InnoDB AUTO_INCREMENT=101 DEFAULT CHARSET=utf8mb4 COLLATE=utf8mb4_0900_ai_ci;
/*!40101 SET character_set_client = @saved_cs_client */;

--
-- Dumping data for table `posts`
--

LOCK TABLES `posts` WRITE;
/*!40000 ALTER TABLE `posts` DISABLE KEYS */;
INSERT INTO `posts` VALUES (1,93,'Quos facere assumenda voluptas nesciunt sed. Incidunt quo non quam velit harum eos. Totam consequuntur quidem assumenda et earum repellat. Vel odit sint velit accusantium at.','2004-10-20 23:41:31','1980-11-07 22:43:28'),(2,39,'Unde et deleniti et ipsam aut accusantium adipisci. Numquam hic et aliquid. A eum sint aut sit. Veritatis natus suscipit praesentium provident atque voluptas eum.','1990-02-22 19:49:22','2005-07-07 18:57:15'),(3,18,'Eligendi quo quis sunt sit neque ut. Quidem accusamus aut perferendis ipsum consequatur eaque eaque. Voluptatem praesentium dignissimos sequi illo. Voluptas et illo non voluptatem ut.','1979-01-02 18:26:06','2006-06-16 01:09:05'),(4,14,'Eos ut quasi illo quisquam eligendi. Ut perspiciatis iste qui ut perspiciatis qui qui qui. Est velit eius ipsam.','2013-05-16 10:52:52','1996-03-08 16:59:58'),(5,40,'Quidem cum molestias hic rem. Maiores et dolor quisquam laborum consequatur et aut. Repudiandae dolor qui sint doloribus.','2014-05-05 16:11:08','1985-09-19 16:21:55'),(6,79,'Quo non occaecati voluptatem aut incidunt expedita alias. Quo laborum sed et voluptas sunt. Qui eum harum ut cum eos non quos.','1993-05-02 21:15:26','1990-08-14 00:44:27'),(7,4,'Minima repellendus sit expedita eum dolore tempore natus distinctio. Quia in laudantium quidem pariatur. Ut autem enim impedit dolorem dolorum. In maiores dignissimos eligendi ut.','2004-04-09 21:32:24','2002-08-03 21:30:00'),(8,28,'Totam reprehenderit quia quis praesentium incidunt. Pariatur vitae eos omnis hic praesentium dolorem officiis.\nAdipisci id repellat quas. Ut consequatur nihil vel velit ut minima.','1988-10-19 00:52:30','2001-01-23 08:36:34'),(9,79,'Et natus autem nihil eius ut est. Exercitationem quibusdam voluptas dolor fugiat vitae impedit iure. Dolor et dignissimos enim tempore culpa est.','2008-06-28 11:01:11','2000-06-14 17:49:55'),(10,72,'Ea corporis qui eos sit itaque qui. Eius fugiat explicabo rerum nihil nemo quae. Atque doloribus nihil minima eaque praesentium.','2006-05-13 09:39:15','1980-06-04 12:58:26'),(11,77,'Iste qui beatae pariatur voluptas. Sit harum aut velit labore dolorum odio placeat fuga. Dolorem eius ad quis quo non voluptatum maxime reiciendis.','1971-04-17 00:42:42','1987-05-23 22:14:12'),(12,40,'Omnis laborum qui sed nulla quo consequuntur. Voluptatibus eligendi dolorem in natus. Debitis error et blanditiis soluta. Beatae voluptates velit distinctio ullam impedit.','1978-12-21 15:48:25','2001-04-14 18:36:53'),(13,15,'Quod molestias quaerat veniam distinctio nam quo quia. Eum ut ut eligendi et. Qui non voluptatem rem quae commodi eaque aut. Nobis qui et sapiente est temporibus.','1992-08-19 09:17:01','2003-11-29 12:50:33'),(14,88,'Quia nostrum possimus qui quos in consequatur qui. Possimus sit id at id. Doloribus pariatur ut molestias modi molestiae veniam numquam.','2017-08-27 17:22:23','1981-05-11 12:13:03'),(15,62,'Voluptatum tempore voluptatem ea. Repellendus architecto fugit omnis omnis. Quaerat sunt quidem dolor tempora. Exercitationem quos labore fuga est et doloribus.','1970-06-27 16:51:11','2011-10-30 06:05:28'),(16,94,'Qui nihil numquam laudantium expedita quia. Nisi illo accusamus ullam nulla ut itaque voluptas. Corrupti assumenda est exercitationem atque ut. Et impedit incidunt odit aliquid dolorem.','2004-08-15 10:16:21','1986-06-23 19:01:46'),(17,13,'Eligendi similique praesentium nobis consequatur ducimus. Vel in atque voluptatem laboriosam ea quas atque. Et sint illum qui blanditiis.','1971-11-20 00:51:36','2019-06-30 12:28:27'),(18,44,'Debitis accusamus soluta qui suscipit officia. Suscipit ratione vel sit facere velit. Necessitatibus cum et molestiae praesentium.','1981-11-23 03:45:40','1975-04-25 05:40:34'),(19,13,'Distinctio harum illum deleniti eum. Animi quidem accusantium optio ratione. Ut in aut officiis et sint et omnis.','2016-05-19 16:15:58','2005-01-07 08:39:07'),(20,9,'Blanditiis quas dolores esse officiis optio minus. Nesciunt harum ipsa porro. Deserunt aperiam ut provident. Velit ut earum est est consequuntur.','2001-08-09 19:51:07','2011-12-22 11:08:56'),(21,84,'Temporibus aliquid cum eum possimus quis aliquam. Aut laudantium et voluptatum ipsum aspernatur soluta et. Corporis adipisci impedit quis non. Impedit aut quaerat adipisci dolore quam aliquam.','1999-08-09 08:23:35','1986-05-27 19:55:42'),(22,82,'Veniam quasi tenetur natus sit aut eaque. Soluta dolor voluptatem vel dolor vel laborum perspiciatis.','2012-03-30 13:08:12','1974-01-13 11:54:31'),(23,86,'A esse voluptatem quidem odit magnam. Numquam libero iure aperiam quae id qui. Deserunt et qui eveniet libero quaerat.','1970-09-15 01:56:56','1987-08-29 04:07:53'),(24,62,'Quia magni est et expedita. Illo nisi perspiciatis ea accusamus. Laboriosam expedita quae voluptate debitis ut. Numquam debitis voluptate cumque dolorem voluptatem alias voluptatum ullam.','1979-05-07 02:22:09','1974-02-07 14:35:18'),(25,87,'Vel harum qui exercitationem sit et cum rerum. At consequatur quis et qui. Magni qui eum qui nisi reprehenderit eos magni. Ut modi iusto quaerat ipsa.','2019-10-31 22:50:20','1997-01-15 09:36:19'),(26,17,'Vero minus dicta sed quo sit blanditiis qui non. Accusantium incidunt id quaerat quaerat eum laboriosam labore. Aut omnis est error est dicta ut omnis iste.','1986-10-01 16:00:12','1992-10-31 20:53:18'),(27,63,'Ad cumque molestiae quod ea cupiditate accusantium. Pariatur vero soluta qui labore quia omnis qui expedita. Voluptatum atque quia et. Illum sunt corrupti dignissimos quis harum eius.','2008-03-28 17:41:05','1999-06-28 00:18:10'),(28,67,'Sequi quis cumque hic recusandae. Sint quo est est. At quia veritatis molestias et enim.','2020-01-11 16:46:56','1976-12-01 15:05:19'),(29,43,'Corrupti laudantium consequatur illo explicabo atque. Est qui tempore perferendis unde. Blanditiis enim voluptatem magnam sed.','1990-06-28 05:20:01','2012-05-28 10:55:42'),(30,21,'Optio error quia aperiam quos praesentium. Id numquam culpa nesciunt qui aliquid aliquid. Omnis ut ut rerum ea et. Culpa illo enim corporis optio inventore animi quas error.','2002-09-21 03:24:25','1995-01-15 23:27:00'),(31,61,'Id corporis dolor officiis sequi itaque id. Ut doloremque sit omnis ipsum quia aut. Aperiam et qui quidem labore.','1990-04-24 21:05:50','2013-05-23 16:37:00'),(32,36,'Amet aut quasi dicta minima quo dolorem. Quos asperiores molestias modi modi impedit. Rem ab dolores quo debitis deleniti. Architecto voluptatibus reiciendis voluptatibus molestias officiis.','2013-10-22 23:58:20','2010-03-19 21:48:46'),(33,60,'Et amet blanditiis ab ut quo nobis accusantium aliquid. Nihil enim earum aliquam. Adipisci autem qui aliquam sit vero aut magnam. Recusandae eum et officiis quia architecto ipsam dolores veniam.','1970-12-14 18:32:44','2009-05-19 18:19:22'),(34,79,'Quibusdam molestias quia tenetur similique et. Harum aut sit animi. Animi ut porro dolores itaque animi dolorem explicabo eos. Ex reprehenderit recusandae et totam fugit dolores at.','1981-01-24 21:52:38','2012-02-22 03:39:54'),(35,49,'Iusto inventore sed aut ut incidunt minus. Praesentium modi quia ducimus odio modi. Dolor vel magni praesentium tempora. Deleniti nisi perspiciatis perspiciatis et consequatur rerum et.','1989-08-09 18:41:53','1983-05-05 20:02:01'),(36,99,'Quibusdam fugit labore hic quia voluptates consequuntur. Molestiae eaque qui odio magni voluptatem fugit ex. In soluta sint provident voluptates laudantium. Eum nihil repudiandae et.','1985-10-09 12:06:07','1991-12-15 20:01:54'),(37,58,'Officiis hic voluptatibus distinctio doloribus perspiciatis provident omnis molestiae. Quis eius voluptatem vitae in omnis. Ut facere eum autem praesentium eum amet.','2005-03-03 18:31:12','2013-09-27 10:55:48'),(38,53,'Minus quia nihil quia ut doloribus vitae. Enim quia dolorem iure aut et. Et aut asperiores praesentium consequatur et sint deserunt velit. Nihil est et dolorum voluptas voluptates.','1999-09-01 07:34:57','2002-09-19 05:23:53'),(39,26,'Ex omnis voluptatibus et quasi saepe et. Ut officiis reprehenderit id sit natus. Enim veniam non vero fuga similique. Quia quia voluptatem quisquam temporibus dicta consequatur et.','1986-10-05 13:12:10','1982-09-27 00:55:27'),(40,37,'Sed eum voluptas nulla ut nobis fugit aperiam. Veritatis laborum nesciunt in. Veniam maiores esse ab eius ut. Doloribus libero sunt quis corporis ut nulla voluptates.','2011-11-18 23:33:11','1971-09-14 13:16:46'),(41,24,'Deserunt voluptatem accusantium autem hic explicabo labore cupiditate. Doloribus ab eum iste blanditiis dolor. Aut voluptas quis ex minima sit eum.','2001-06-13 19:11:21','2013-11-25 07:33:55'),(42,2,'Modi id reprehenderit distinctio nisi. Sit ut vitae consequatur rerum aut voluptatem. Iste aut quia odit delectus est. Aut temporibus sapiente id voluptatibus quam enim.','1995-11-20 23:31:04','1978-06-04 04:04:49'),(43,76,'Voluptatem consequatur et voluptas totam quas. Consequuntur ratione eligendi id enim assumenda. Esse excepturi architecto aliquid similique.','1973-05-08 07:21:55','2018-10-02 08:17:24'),(44,39,'In nisi molestiae officiis eius doloribus. Maxime non eius earum. Laudantium in sequi officiis.','1979-01-10 14:34:23','1990-04-17 15:30:28'),(45,90,'Expedita et ut aspernatur velit dignissimos aut rem nulla. Et quibusdam iste placeat hic non repudiandae quis inventore. Quis perspiciatis voluptatibus accusamus reprehenderit ut ut neque.','2004-12-04 13:26:09','2002-06-04 04:59:31'),(46,37,'Debitis et nostrum quaerat molestiae quia. Cum iste et est corrupti. Reiciendis repudiandae quisquam veritatis voluptatem sit similique voluptatem. Quia iusto quod ea molestias qui ullam.','1990-05-18 19:03:50','1988-08-18 23:54:40'),(47,33,'Voluptatem distinctio blanditiis quos est unde cupiditate. Eveniet voluptates repellendus voluptates enim. Et adipisci veritatis id consequatur tempora alias.','1996-03-27 12:10:36','2001-10-31 11:01:19'),(48,3,'Non odio doloremque consequuntur omnis. Aut sed consectetur sint. Non quaerat quae quo.','1970-09-08 02:17:51','2004-09-09 19:13:17'),(49,81,'Nihil modi itaque qui eveniet. Totam nostrum amet blanditiis error. Dolores iusto qui vero aspernatur quia. Est adipisci magni eius. Consectetur labore ullam asperiores nemo facilis omnis.','1983-11-01 05:03:40','1987-01-16 12:31:55'),(50,45,'Et deserunt voluptatem fuga quis ab sint est. Consequatur odio id voluptas sunt. Expedita voluptatum sed debitis est.','1986-05-11 07:49:33','2016-05-07 15:15:04'),(51,11,'Rerum nobis commodi inventore animi ea odio. Et excepturi voluptatum hic sed molestias. Sint qui sed adipisci aut. In possimus aliquam minima. Sit vel similique necessitatibus quia nobis.','1988-05-22 00:31:42','2015-03-13 02:45:04'),(52,64,'Corporis quae nam atque minus laboriosam molestiae. Error rerum maiores laboriosam est exercitationem autem velit. Sapiente cum non consequuntur sunt iure tempora iste est. In sit ratione et quasi.','2018-04-06 11:16:17','1990-06-07 21:00:28'),(53,26,'Facere cumque architecto distinctio aut. Aut alias repellat laborum reiciendis.','1979-06-19 11:21:38','1974-06-17 11:21:01'),(54,97,'Maiores est sit at officia eum illum. Rerum excepturi sed maiores repellendus et. A sit ea cum cum. Omnis corporis eius est quae temporibus molestiae.','1970-03-15 11:37:29','2000-03-19 16:52:30'),(55,26,'Consequuntur et molestiae officiis est quo ut. Consequatur repellendus culpa aperiam repellendus itaque veritatis quisquam. Rerum ut eos et id. Quod expedita eum ab vel sunt culpa eius occaecati.','2001-04-26 13:58:18','1983-03-19 17:48:42'),(56,13,'Excepturi recusandae odio quae quis. Veritatis qui et id nesciunt.\nRepudiandae dolorum quidem consectetur quo fuga. Rerum harum a pariatur quia consequatur. Maxime quasi nobis ducimus nesciunt ut.','1973-11-27 05:54:02','2008-09-20 10:47:59'),(57,13,'Quia molestias aspernatur expedita ut beatae dolor. Mollitia est provident earum commodi. Et doloribus vel assumenda atque voluptas. Repudiandae iusto molestias hic et nesciunt illo.','2010-02-27 11:35:25','1994-01-20 22:48:07'),(58,88,'Et tempore qui quis quod voluptas aut dolores. Blanditiis illo quam porro officia sequi sed eaque. Eveniet atque voluptatem omnis doloribus alias ut ducimus. Error qui alias reiciendis quam.','2018-05-18 22:00:52','1987-12-13 07:04:31'),(59,79,'Totam sit et iusto. Molestiae tempora velit eaque iusto. Nobis doloremque voluptatibus repellat non ut. Molestiae voluptas sunt quisquam facilis aperiam molestiae labore.','1998-12-26 18:35:24','1982-05-24 02:50:53'),(60,56,'Sed quo possimus explicabo sit explicabo. Molestiae sed explicabo ipsum ratione voluptatum. Aut quia quam commodi odit accusantium et et.','1991-12-28 22:25:52','1970-07-26 12:09:10'),(61,9,'Explicabo assumenda dicta debitis esse. Provident veniam qui quis illum.','2000-06-24 09:44:11','1976-03-21 06:59:02'),(62,40,'Voluptas facilis repudiandae sint dolores officiis labore. Facere earum veniam in voluptas modi perspiciatis in adipisci. Nemo autem quo nulla laudantium perspiciatis excepturi.','1988-08-18 20:11:48','1983-08-06 12:19:45'),(63,91,'Vel enim et dolorem quis quia magni nihil aliquam. Vel quas harum ducimus voluptatem facilis. Velit veritatis labore facilis excepturi sed nihil. Delectus qui rerum repellat.','1987-07-23 18:50:26','1979-11-28 09:57:02'),(64,68,'Reiciendis et nam non nulla id voluptas voluptatem. Culpa ea quos vel ratione iste enim totam consequuntur. Minima porro in occaecati qui et et omnis.','1971-11-05 08:00:16','1978-05-25 02:35:29'),(65,18,'Et impedit inventore sapiente quia. Minus quis sint libero facere esse quis est. In amet molestiae dolorem natus quo adipisci. Est non cum saepe eos neque suscipit vel.','1997-10-16 17:38:00','1986-07-24 23:57:44'),(66,40,'Ipsum corrupti consequatur alias inventore excepturi. Quas facilis aut consectetur eos culpa.','2018-01-15 19:30:54','1999-09-20 18:18:56'),(67,67,'Voluptatem quis non iusto quia doloribus molestiae. Dolorum accusamus ut quam. Minima sequi at beatae non.','1984-05-09 17:50:05','2020-01-11 22:31:38'),(68,76,'Placeat qui fugiat architecto. Aut id fugiat omnis dolorum commodi aliquid accusantium. Eius unde totam eligendi esse omnis in.','1987-07-21 03:31:31','1971-08-20 03:46:24'),(69,92,'Accusantium ipsam aut nobis. Unde nemo consequatur repellat consequuntur aut laborum et libero.','1991-06-12 23:21:14','1972-10-25 06:15:05'),(70,92,'Libero occaecati dolor aperiam id qui nostrum voluptatibus. Dolor qui accusantium ducimus facilis delectus quisquam. Eos tenetur illo quibusdam quasi nobis assumenda deserunt ex.','1989-09-01 01:11:48','2007-09-12 05:58:18'),(71,12,'Exercitationem distinctio odit ex ex cumque modi. Est architecto et totam quos. Modi reprehenderit ipsum omnis quis et autem. Qui ut et blanditiis laborum.','2020-05-23 00:19:05','2001-01-09 14:31:39'),(72,16,'Velit fugiat non voluptate quidem quia quod. Ut nam hic quas dolor voluptatum dolorem. Assumenda eum aliquid ipsum ipsam. Id dolores ut numquam delectus.','2008-03-14 20:50:06','1999-06-10 17:38:08'),(73,94,'Veritatis et fugiat quos iusto minima ut. Recusandae enim qui totam velit. Quos sed et reiciendis magni et.','2019-01-04 02:44:26','1979-03-30 09:07:10'),(74,87,'Ratione incidunt animi harum quis. Eum quia mollitia inventore perspiciatis. Et nisi hic alias voluptatum atque est repellat. Ad earum recusandae repellat enim quae.','2017-12-13 08:57:05','1984-11-20 13:14:48'),(75,55,'Totam optio ea quos necessitatibus. Necessitatibus odit deleniti delectus corrupti nemo eos repellendus. Ut laboriosam magnam et soluta commodi.','1971-12-19 20:56:19','2011-02-09 12:17:56'),(76,84,'Quibusdam doloremque a numquam voluptatem. Officia cumque alias ut quos odio. Laborum quam veniam accusantium labore quis pariatur culpa. Voluptas maxime molestiae unde cum voluptatem.','2003-04-09 10:55:46','2005-01-03 03:58:21'),(77,24,'Sunt maxime quis adipisci non. Molestiae suscipit id aut quia ea eos tenetur sequi.','1970-05-20 19:11:58','1989-11-12 03:48:12'),(78,87,'Ea non in ab magni eum minus. Ipsa sit ut ad. Saepe consectetur reprehenderit molestias facere.','1982-03-18 02:14:17','2017-03-12 21:18:40'),(79,86,'Et blanditiis sed porro pariatur aut corrupti. Iste sint vero et voluptatum nam repellat est. Natus quis eos provident. Corporis omnis pariatur qui.','2003-02-12 03:37:05','1989-02-14 17:22:59'),(80,4,'Aut neque laborum consequuntur est ipsam id. Ut ut quia esse. Explicabo minima iure quisquam quia et quisquam. Ut cum maiores facere quasi amet.','1973-07-22 11:45:28','1983-09-12 21:56:14'),(81,31,'Ut repellat molestias non laboriosam natus enim corporis. Et laboriosam iusto nostrum cumque exercitationem sunt. Ut odio fuga dolor.','2005-12-03 03:25:13','1980-06-15 14:00:13'),(82,97,'Perspiciatis aliquam consequatur voluptas velit praesentium qui. Aut iste quis aperiam quasi asperiores autem. Recusandae non molestiae tempora eligendi tempora.','2005-06-19 16:18:43','1987-11-11 03:25:30'),(83,68,'Quod rerum aut natus delectus nemo ex. Ab dolorum assumenda enim cum voluptatem qui. Vel praesentium quia id minima ab et vitae dolores.','2008-11-14 23:19:14','1984-03-11 20:11:05'),(84,56,'Repellendus quae asperiores maxime et aut. Iure omnis enim exercitationem quia et. Voluptas officia sunt velit eum voluptatem quos distinctio. Et et excepturi qui ipsa vero dolor ea.','2010-07-25 21:36:04','1980-03-09 08:01:43'),(85,93,'Commodi quia consequatur odio in ad consequuntur. Veniam dolorum accusantium quaerat ut sit. Corporis quasi quae consequuntur veritatis repudiandae. Aut rem ducimus at voluptatem quibusdam.','1993-09-24 00:59:30','2017-01-27 04:48:37'),(86,93,'Quidem saepe eaque modi optio. Alias qui qui nostrum id tenetur dignissimos. Ipsam illo totam ab hic autem libero.','2006-08-08 07:28:22','1989-03-23 06:04:54'),(87,68,'Eum esse neque dolor necessitatibus quia. Vel reprehenderit eveniet voluptatem omnis. Nesciunt illum animi quia. Iste sapiente voluptatem culpa dignissimos eos veniam inventore.','1991-09-26 11:03:20','1985-06-16 06:34:43'),(88,6,'Eius quasi est mollitia et. Quod maiores ipsam atque eos quas perspiciatis. Vel quo fuga necessitatibus qui quod.','1980-03-18 05:01:23','2006-09-15 21:31:29'),(89,81,'Quaerat nobis vel accusamus et blanditiis eius. Aut consectetur qui ut quasi. Commodi deserunt dolorem a quia consequatur. Odio voluptate perferendis aliquid voluptatem qui.','1995-01-20 15:18:35','1985-07-20 14:14:16'),(90,47,'Autem quibusdam at architecto dolorem. Saepe neque cumque maxime eum et. Qui rerum tempora quia amet necessitatibus veniam. Consequatur qui dolores aut.','1997-04-25 22:00:49','2007-02-16 08:09:55'),(91,61,'Quidem consequatur quis ratione illo officiis. Veniam autem sit officiis consectetur ad. Deleniti tenetur ullam et quis nesciunt.','1980-05-06 15:12:45','1984-07-18 06:21:43'),(92,90,'Libero velit rem voluptatum unde itaque quidem. Ut qui quasi possimus exercitationem quis voluptas perspiciatis sunt. Odio ex tempore aut mollitia cupiditate quod.','2005-02-16 15:02:05','1984-12-25 12:51:52'),(93,86,'Exercitationem ut occaecati eos officiis et quaerat. Autem eos voluptatem officiis et numquam. Tempora quia iste odit aliquam non optio. Ab illo unde sequi consequatur nam laboriosam.','1993-04-18 13:48:45','2001-06-20 18:50:56'),(94,52,'Sed nemo repellat voluptates molestiae sunt dolore non. Architecto sequi necessitatibus facilis officiis velit. Totam error exercitationem eum quia et nesciunt dignissimos ut.','2014-04-06 01:16:43','2001-02-25 18:41:43'),(95,58,'Fugit sint voluptatem modi. Eius vero expedita occaecati sint impedit recusandae. Nostrum aspernatur aut sit officia quae atque odio.','1976-11-01 21:42:12','2004-01-29 19:32:05'),(96,4,'Nisi harum facere a sit vel sed aut placeat. Culpa vero atque officiis fugiat omnis assumenda. Aut aliquid fugiat sequi nam cupiditate aspernatur. Culpa dicta dolorem excepturi et error aut.','2002-07-28 10:41:15','1987-08-25 13:08:07'),(97,91,'Non fugit enim fuga ratione voluptatem facilis. Dolores dolores est voluptas qui cum unde modi. Mollitia nemo enim dolorem odit aliquid cum et. Officiis blanditiis fugiat sint est natus quia.','1971-01-23 02:36:34','2002-08-25 11:27:03'),(98,24,'Expedita quisquam iste soluta repellendus harum facere. Voluptate commodi temporibus rerum ipsam quo. Sint aut quo praesentium voluptatem veniam ullam et quis.','2018-12-16 08:57:17','1987-10-05 19:34:24'),(99,79,'Minima reprehenderit doloremque laborum in tempora quia commodi. Praesentium iure totam adipisci quae et.','1977-02-14 16:56:54','1971-05-27 03:29:59'),(100,83,'Ducimus quis quia hic error architecto dolorem pariatur. Id quis et dolor similique ut. Dolorum optio explicabo voluptatum suscipit et.','2019-01-09 00:12:27','1982-11-07 04:52:11');
/*!40000 ALTER TABLE `posts` ENABLE KEYS */;
UNLOCK TABLES;

--
-- Table structure for table `users`
--

DROP TABLE IF EXISTS `users`;
/*!40101 SET @saved_cs_client     = @@character_set_client */;
/*!50503 SET character_set_client = utf8mb4 */;
CREATE TABLE `users` (
  `id` bigint unsigned NOT NULL AUTO_INCREMENT,
  `firstname` varchar(50) NOT NULL,
  `lastname` varchar(50) DEFAULT NULL,
  `email` varchar(120) DEFAULT NULL,
  `phone` varchar(20) DEFAULT NULL,
  `birthday` date DEFAULT NULL,
  `hometown` varchar(100) DEFAULT NULL,
  `gender` char(1) DEFAULT NULL,
  `photo_id` bigint unsigned DEFAULT NULL,
  `create_at` datetime DEFAULT CURRENT_TIMESTAMP,
  `pass` char(40) DEFAULT NULL,
  PRIMARY KEY (`id`),
  UNIQUE KEY `id` (`id`),
  UNIQUE KEY `email` (`email`),
  UNIQUE KEY `phone` (`phone`),
  KEY `phone_2` (`phone`),
  KEY `users_firstname_lastname_idx` (`firstname`,`lastname`)
) ENGINE=InnoDB AUTO_INCREMENT=101 DEFAULT CHARSET=utf8mb4 COLLATE=utf8mb4_0900_ai_ci;
/*!40101 SET character_set_client = @saved_cs_client */;

--
-- Dumping data for table `users`
--

LOCK TABLES `users` WRITE;
/*!40000 ALTER TABLE `users` DISABLE KEYS */;
INSERT INTO `users` VALUES (1,'Тест','Тестов','khsdf@jkfhsdfg','7894312',NULL,NULL,NULL,NULL,'2020-11-16 15:44:04',NULL),(2,'Тест','Тестов','khshgddf@jkfhsdfg','786494312',NULL,NULL,NULL,NULL,'2020-11-16 15:44:04',NULL),(3,'Edgardo','Mraz','mae.effertz@example.com','411-640-9653','1997-05-15','dolore','m',7,'2003-09-19 19:56:14','1f14e24a2da295b1ad9fa14e57c0ca3d116b8aa2'),(4,'Curtis','Ankunding','clementina.lesch@example.org','06260010367','2013-12-14','sed','m',5,'1985-05-14 20:34:18','c6f1461571e4e87d4f0082afb2b6ea7572bd308f'),(5,'Brionna','Schumm','bayer.lonie@example.net','1-360-626-5912','1979-08-04','nihil','m',1,'1980-02-04 17:36:36','09a1f24a452303b712c3fb0892a7f6d93e9803bd'),(6,'Leta','Conroy','lemke.lloyd@example.net','+01(5)9658564974','2000-01-04','inventore','m',5,'1984-05-23 21:43:42','79f2efe7aed894065f2468d2c1c51dbb248a48f6'),(7,'Coy','Marquardt','williamson.deja@example.org','507.452.8990x033','1983-04-04','molestiae','m',4,'1989-08-01 00:09:19','011ad949220e5214db885c370eb8a48c201d193c'),(8,'Brielle','Grant','lbartell@example.net','650.344.1497','1981-11-25','accusamus','m',7,'2018-03-04 19:15:59','f9ce6d4523d167e114b02dc00ec3a290670156a8'),(9,'Seamus','Marvin','freynolds@example.net','1-946-785-6370x597','1994-02-01','natus','f',5,'1973-01-21 01:27:31','206bc67578da09644b0e63843e0a5eb3d44cb9b9'),(10,'Elta','Schmidt','hgleichner@example.net','(483)847-0466x60854','2013-04-15','quaerat','m',5,'2008-06-22 11:48:01','8e46f6a5c7afbd0b90c7df7aba18d0f7ff083555'),(11,'Corbin','Hammes','noah62@example.net','1-353-125-8979','1978-10-03','illo','f',9,'1998-01-30 18:26:48','6a90a6ad1de332fc75e4890074cc479bb32f1931'),(12,'Hailie','Donnelly','arthur.legros@example.org','(977)845-2637x195','1985-02-04','et','m',3,'2015-09-08 07:53:18','939b6e8d84d7a839ab5cbf7fc2524db5a14d6b22'),(13,'Javon','Kris','schmeler.evie@example.org','+84(6)0867296910','1997-05-21','nostrum','f',1,'1980-07-06 19:13:39','67b874661d88ce6703468b08457d2d12d478dafe'),(14,'Chandler','Cummings','walsh.tomas@example.org','1-196-197-0424x94842','1983-09-21','eligendi','f',4,'1989-06-26 01:23:16','fd5d38ad1d410efc1c93f8efee6be641662bd541'),(15,'Jerry','Lemke','wspinka@example.com','(504)446-0593x064','2019-01-14','expedita','f',8,'2015-06-01 19:53:34','50bd37cea6fa5d1b8a11eeefa7bd3bc35831b475'),(16,'Anabelle','Okuneva','neal67@example.net','(480)414-5001','1978-08-02','et','f',4,'2012-06-10 08:43:07','62ced9f681958938b706bafafddd150b86a8087b'),(17,'Serenity','Batz','luisa68@example.net','107-190-4754x661','1992-05-26','ut','m',4,'2009-06-19 10:27:21','4b32df4cea3ba2947a47670a2e41e022b4e92c9f'),(18,'Ericka','Bashirian','urban.kuphal@example.org','1-142-326-1447','2007-06-08','sunt','f',3,'2006-08-03 03:20:40','b76c01a2fdb1dbc9ee214d4a9f9d007d1b2bbb3c'),(19,'Shanon','Wilkinson','itoy@example.net','1-052-034-7768x5272','1972-10-15','exercitationem','f',8,'2018-06-18 07:34:18','24df68d28a39a06c5454e3685e101ee85a6c5f36'),(20,'Kayden','Rosenbaum','medhurst.celestine@example.com','+69(3)6862802913','1971-11-12','ipsam','f',7,'1985-11-24 02:58:01','b8e5c356b4440e1814b5c82f2cc0ab51021940aa'),(21,'Kelsie','Hane','laura14@example.net','00899875162','1987-11-05','et','m',2,'2019-11-23 04:54:36','555dc3c5884d98e25bb376de94b9551b9191cd55'),(22,'Paula','Purdy','whudson@example.org','716.581.4050x339','2014-08-13','quae','m',0,'1989-10-13 03:41:08','652976e67211fd96e7e22db3c76e1306e015e4f9'),(23,'Silas','Hegmann','konopelski.ashton@example.com','+36(4)2810656522','1989-06-08','consequuntur','f',5,'1985-07-07 17:53:56','610930d05c53750b18dda315a168246dd69263a4'),(24,'Efrain','Jaskolski','edgardo39@example.net','544-348-9123x91388','2002-07-27','et','m',7,'1976-05-15 17:04:50','7bed891e237a781e20f9afbf2a564e2c17b24988'),(25,'Prince','Green','devon.bayer@example.net','1-825-257-5511x449','1989-10-07','quidem','f',4,'1995-10-07 15:53:34','72bb7e470db7e1162bbd63340477aa788745ab93'),(26,'Kieran','Veum','batz.edwina@example.com','262-870-1456','2015-05-25','ab','m',7,'2005-08-30 21:33:54','31fdff5201071814123fe04788cd32f5601cae89'),(27,'Isai','Mitchell','vmertz@example.net','143.276.3223','1994-06-23','ab','m',0,'1989-02-12 17:04:46','88fb9c9551908e4376555d58462d006adc111c75'),(28,'Jermey','Huels','heather.west@example.com','919-466-3843x4484','2016-02-25','consequatur','f',3,'1983-07-24 06:54:27','8766ac704605b9658ad41a4d00b7eeba99bd64fd'),(29,'Ora','Deckow','hbednar@example.org','784.727.1869','1998-01-01','sunt','m',2,'1986-11-04 23:52:39','9a5414ca2bbd4d5d80ded620dc5923f52fecd64a'),(30,'Allen','Jaskolski','jmclaughlin@example.com','(208)557-2964x4117','2017-12-10','eius','m',5,'2006-08-13 07:43:48','81bb2f1b7e9c54cf38765b1f4e888012a5bdbc90'),(31,'Armand','Bins','henry49@example.com','1-049-893-9403x011','1984-11-25','et','m',6,'1995-04-16 09:24:26','3789b0e81edd7456a835f45db1e961a6a0ed2df2'),(32,'Audra','Kshlerin','nlangosh@example.org','205.802.4688x8362','1973-01-05','ipsa','m',6,'1990-06-06 03:38:37','391197f2c4bb5bd6dbc03937cba8b96c109fa0d1'),(33,'Helene','Nicolas','orn.valentine@example.net','(587)538-1452x3371','1973-01-30','earum','f',6,'2007-07-11 00:10:28','91640341749b3e4dced70e1fc120e5ecf33d6639'),(34,'Alexandrine','Hansen','elvera57@example.org','08099784746','1980-06-10','reprehenderit','f',4,'2012-07-25 16:55:07','bfd89e2d0def68cc4830710645cb665ed28585f4'),(35,'Rosella','Moore','gerhold.graciela@example.net','1-050-064-3478x21287','2002-12-26','qui','m',3,'2019-01-10 06:45:07','7038dc9c25e0276e23f568932fecca998d0adb1b'),(36,'Anna','Ortiz','batz.david@example.org','(717)660-5285x2451','2011-10-12','maxime','m',7,'1986-12-23 21:10:29','ea751086988c18b487db4d48144725b2f1778eb9'),(37,'Nat','Erdman','mvon@example.net','1-143-517-7303','1976-04-29','voluptates','m',1,'2018-12-24 10:23:19','2db7620eb08f539da2fac15948750e6b87accc48'),(38,'Joy','Hyatt','schmidt.sierra@example.com','747-490-0001x2181','1995-02-26','sit','f',4,'1991-03-08 15:45:19','0b23fe8fb335345023bce6d6b29f2942fdc87ecd'),(39,'Marcella','Senger','liliane78@example.org','1-336-441-2337','2017-08-01','quasi','m',9,'1974-07-10 11:29:59','51661ee62f42dfe06f464bae21406112295a231d'),(40,'Berry','Durgan','xo\'connell@example.net','(164)410-5816','1990-06-02','sunt','f',0,'2017-03-30 12:18:04','beee8d8d2a80833acd99a13bcea39c5596da81ca'),(41,'Elbert','Kessler','vaughn.d\'amore@example.net','(962)601-6733','2009-04-20','eius','f',8,'2008-05-10 23:52:15','b10f0c34ec6717e514af81710a15673b76743d89'),(42,'Abdullah','Corwin','sjohnson@example.net','00435571576','1982-03-13','aliquid','m',5,'2007-09-22 21:57:19','dee76de6679937b1eb3e45a0591c53d69ef57528'),(43,'Albertha','Kunde','bgusikowski@example.net','1-999-942-1819','2019-06-24','culpa','f',3,'2018-12-31 08:03:41','354eef2e7fbce162340b22aa5479912f96064cf6'),(44,'Guadalupe','Leuschke','fstiedemann@example.org','1-915-050-1546','2006-10-26','et','m',0,'1990-04-30 10:56:22','584aaa76de1c16e76f4f9b774b525740d86419d7'),(45,'Clair','Streich','fadel.danny@example.com','(827)331-6466x384','1981-02-10','commodi','f',7,'1993-09-25 09:11:27','3effeddf55c1ef21cb8babb868c3b19c66d45032'),(46,'Dayana','Jacobson','emmett60@example.com','1-626-190-9075x042','1997-06-11','adipisci','m',1,'1972-10-25 18:57:10','2f582537fb3977aa12e069102de6853b6bf5183c'),(47,'Macey','Pouros','hettinger.burdette@example.com','537-148-1928x5418','2015-04-07','atque','f',4,'1979-10-27 20:45:26','d1c0d81563e5425c81ead51d704be2d1ebf3969b'),(48,'Joany','Schiller','alysa.jast@example.net','(419)778-0100','1998-07-25','doloremque','f',7,'2003-04-22 02:14:42','0acfd7b1e4657f2360d64c5aa36f0ca1ddf83fb5'),(49,'Makenzie','Rippin','yglover@example.net','(890)398-1218x8076','1974-11-21','vero','m',6,'1992-12-04 15:03:13','fab3f2e4cd1c56338ab31f77e0f62a5bc7527d2e'),(50,'Mike','Vandervort','drobel@example.org','(950)889-3671','2008-01-22','recusandae','f',7,'1989-12-25 08:17:48','3a8827c36c7df1be17bc3cab7992121ae4884d7c'),(51,'Patsy','Pfeffer','kamille20@example.net','(458)519-4751x7010','1997-03-23','repellendus','m',9,'2020-09-21 15:25:35','81f670d4106812e4df2746eb9137d05ff139af46'),(52,'Margaretta','Mills','yasmine99@example.org','(075)563-4777','2018-08-08','architecto','m',9,'1997-12-23 07:18:47','03c730350648845f554ae350258c11c334263c9e'),(53,'Rogelio','McLaughlin','hilda93@example.net','04410418539','1971-04-20','commodi','f',6,'1972-08-05 05:36:17','7f09f0e8c9cff15b16b5e8cc3680c4001bd1d8a1'),(54,'Marie','Weber','monique17@example.org','1-071-895-3992x38634','2010-12-25','delectus','m',5,'2000-05-15 13:25:08','2cbba2065a0820c6ddee9f42be584bb7a9c27577'),(55,'Fanny','Shanahan','melyna78@example.com','164.045.3072x08623','2003-08-10','quo','f',0,'2000-09-13 16:20:05','f597b007edeeaaed0ca2feb9211e17becdfaa0a6'),(56,'Brigitte','Stracke','xpollich@example.org','(679)629-3415','1976-03-20','non','f',3,'1979-09-23 12:24:16','a2a49157a69d7957d4a07855044f3cf08e6ff235'),(57,'Ethelyn','Schmeler','lourdes47@example.com','960.247.0898','1989-01-13','quaerat','f',5,'2007-02-24 11:37:36','68f18225a4b47e44f7b266451c394c1822aa92fe'),(58,'Stanford','Schimmel','malcolm36@example.com','1-948-888-0825','1986-08-17','non','m',4,'1992-07-03 01:17:39','e9d9f1aeaafe26c7a1a275edc5e9891ce0114d4b'),(59,'Mervin','Kovacek','freda91@example.com','126.495.8134','1983-06-27','tempore','m',2,'1977-02-23 10:05:14','29514f84392f692785c84fde2830b1cfbbe07d84'),(60,'Lenore','Klocko','wunsch.wilburn@example.org','319.802.1673x65076','1975-01-31','sed','f',2,'1985-09-05 01:07:38','1e1b4841aa0b817c5930a33cef5a334250f2f3d7'),(61,'Lorena','Casper','maye91@example.org','1-888-777-5623x93918','1989-04-01','mollitia','m',1,'1997-11-12 12:52:56','01ea965cd5ec32af72dfed847e08bdb2b271f23d'),(62,'Herminia','Treutel','dquigley@example.com','616-260-8401','1991-03-14','nisi','f',6,'1986-10-20 01:34:02','37c7da27381b63b90a72bcca4cd8d7d6f92ab980'),(63,'Melody','Stark','michelle.mohr@example.net','154.285.9530x4354','2008-06-22','ad','f',2,'1989-04-26 15:20:47','7c8f76028759fe58dd1391c4da14b1e4faebf24c'),(64,'Vella','Weber','hjohnston@example.net','(020)496-6187x12522','2011-08-13','recusandae','m',4,'2004-09-07 21:49:45','efa6c5d7d70579866b470a75454e697b095936d6'),(65,'Gay','Hane','hettinger.gina@example.net','(197)465-3257','1974-11-13','est','f',5,'2007-10-17 12:11:37','b87915059d004117f25af892bd50fc9b87229fc7'),(66,'Olga','Bogisich','jhilpert@example.net','580-779-5471x337','1977-08-29','sit','f',5,'2019-10-23 20:08:40','6606464690e3b47220b4e848846689bbd526ea16'),(67,'Alta','Johnson','doyle.mclaughlin@example.net','011-413-0820','2005-11-27','fuga','m',9,'1974-08-01 11:07:10','8407489b7df540a492b244a35a3626f0037ef2e4'),(68,'Adrain','Fisher','cassin.roberto@example.net','1-718-760-4901x5185','1971-07-29','sit','m',5,'2005-05-20 11:47:24','533e7900a4dfdb85923a9873892d53950acb19ee'),(69,'Kale','Eichmann','hreichert@example.org','681.057.9857x4807','1997-12-09','ipsa','m',6,'1988-11-28 15:32:41','830cec6a53e0275efa16b256ea88802166033c70'),(70,'Helmer','Altenwerth','jamaal.fritsch@example.net','464-844-2002x757','1987-10-05','autem','m',5,'1979-05-30 00:33:10','456c317dc93a7ac8bde211aa15f33121d8dd0bb6'),(71,'Enos','Donnelly','elwin07@example.org','106.221.0780x779','1974-11-07','facere','f',3,'1988-11-15 22:34:01','2438a2059cb7bfc7d1ab890a0ded7a807a221bd7'),(72,'Cathryn','Heidenreich','hcronin@example.net','+14(9)2487350559','2009-08-08','ex','m',9,'2011-09-23 06:51:17','1afe4b9df2a6b77681e2565fd16579c25b86924f'),(73,'Cecelia','Reilly','kreiger.tony@example.org','1-440-188-3306x8633','1972-08-01','dolores','m',1,'1990-11-13 00:51:46','2e84ea69560488141e27a859781cb9c35d17c06e'),(74,'Juliana','McLaughlin','amely45@example.org','(577)350-7621x696','1983-02-12','dolores','f',3,'1987-05-25 10:40:41','8d2c1ae4c70ee99d8b752d70a206ff1a4383252b'),(75,'Larry','Douglas','barrows.dean@example.net','399.997.0029x333','1976-11-06','consequatur','m',7,'1988-02-20 13:42:42','e718051972199b414c14c64ce5e82330e2d0e70d'),(76,'Hilbert','Thompson','chowe@example.net','(486)655-3835','1981-06-14','quo','f',8,'1999-01-01 11:25:25','c68de24e4d1f0d86a543134f6d9475befcf86296'),(77,'Freida','Collins','kaela.murray@example.net','1-348-994-4990x5031','1998-05-03','corporis','f',5,'1989-08-24 01:10:15','53ad5fafa66f97a7a974968848472868204fca7a'),(78,'Maddison','Trantow','jaleel.ullrich@example.net','1-097-223-3775x6412','1971-01-23','voluptas','f',8,'1993-06-30 03:38:31','1ae05e4c5fe6c9e9f160f473b6370928c8548495'),(79,'Thaddeus','Shields','leopold.medhurst@example.net','+07(1)9899356610','1992-02-04','ut','m',5,'1981-02-16 22:26:23','39aee5b3b788a3102d89171ac36aa006ebdee80b'),(80,'Alexzander','Reichert','granville15@example.net','675.228.4482x668','1985-06-02','repellendus','m',5,'2008-06-22 09:55:59','dfe5d7728495bb6932a0570d7bcb83c6df640812'),(81,'Rosalia','Schultz','ohagenes@example.com','1-094-931-1210x2749','1971-12-22','optio','m',1,'1989-05-14 00:05:03','db2f208f800a8af90e6990db4cde90bb5581ec93'),(82,'Avery','Bauch','jaida.walker@example.net','1-839-656-7732x97717','1971-04-08','sapiente','f',2,'2005-11-30 18:33:55','64164cb0215cea1454a76bb42f58d93cc070bad2'),(83,'Rosamond','Conn','bartell.luisa@example.org','915-663-7649','1983-03-12','rerum','m',6,'1975-06-03 22:20:34','58050507cbdae99a65eeac1732c51cb8b9a0c0ff'),(84,'Jeff','Kautzer','oda.greenholt@example.com','(064)535-5314x1529','1989-09-02','ut','f',6,'1990-06-30 16:49:55','8df0b6a35dd6abd5c780d71944a86738dcfcb003'),(85,'Tyler','Dibbert','pcole@example.org','+34(6)6596381331','2014-08-24','incidunt','m',6,'2018-10-26 17:15:18','b38a94f5ab4f3fda3cbe9cfa0e94b4560282ddf7'),(86,'Sandy','Effertz','lilliana.koss@example.org','1-411-606-9228x81066','2014-02-15','voluptas','f',9,'2006-08-11 20:59:10','a86dd40992d83277a21e1d56d0c816cfc7c76466'),(87,'Emmanuel','Stiedemann','o\'hara.heidi@example.org','03838259127','1990-08-23','tenetur','f',5,'2018-11-22 14:47:33','05420baa982c8ff62a7e0a991dd2bd742b26d89a'),(88,'Lance','Kilback','rroob@example.net','02639506448','1979-05-24','atque','f',4,'1980-09-09 05:47:38','1ba62c2729db808ff6131413359a3b2d2dde1ee8'),(89,'Blanche','Spencer','runte.aniya@example.com','07030753047','1982-01-13','nihil','m',6,'1986-11-26 15:29:07','bca73cc2d0ac15adcff9361df4843682a90e6139'),(90,'Jerad','Mann','wkreiger@example.org','1-661-741-5917x96543','2008-02-13','ratione','f',9,'1981-01-12 23:54:59','2c248b1f252bbe5e2ba936de79acade0811bc5b8'),(91,'Jaylon','Cole','theron07@example.net','127.598.5212x25751','1982-04-08','autem','m',2,'1988-07-26 09:49:12','0d9c8cc524c323f331d742468c983f25dd63a0c2'),(92,'Dimitri','Ward','evalyn.roberts@example.org','243-071-1049','1995-05-29','provident','m',6,'1992-11-26 14:11:43','277062997aa73080cc99b76c8b40804c574816d3'),(93,'Oren','Larson','schuppe.deanna@example.com','(463)408-1303','1999-11-23','ut','f',4,'2001-09-19 16:21:35','19ee9c7df368450bba77379868af5a84a3b5d6c7'),(94,'Clarissa','Harber','waelchi.khalid@example.net','212-994-1704x567','1971-11-21','reprehenderit','m',4,'1995-04-28 13:34:52','fca94a86c8cdf182b90dbb5922fc0813ddfef11c'),(95,'Lenora','Breitenberg','lwindler@example.net','863-513-8954x646','1989-02-06','assumenda','m',9,'2002-10-08 19:15:36','e4f63e29aaa1e18bdbec149b650822a22b3d1599'),(96,'Damaris','Bernier','ephraim78@example.com','017.634.6289x90095','2002-08-18','quia','m',3,'2013-03-14 11:52:32','68db2ed142fcaeccd8c47ffc96a724d5163c6720'),(97,'Marlon','Harvey','parker.jeremy@example.net','(486)908-8436','1987-05-18','dolorem','f',9,'1979-12-08 16:44:45','689cd504f9bfbb225c78308f26be48e15ebf5c36'),(98,'Kieran','Swift','swaniawski.philip@example.org','251.415.6927','2020-05-24','molestiae','m',6,'2019-09-19 01:50:24','7131005176bd81a7839f822377ee670f60692480'),(99,'Leanna','Gaylord','heloise.ebert@example.net','1-294-336-5593x40170','1986-01-23','consequatur','m',9,'1975-11-01 22:51:55','292d7d7d8c20feb0fc2ad35730a3da381ce2ccdc'),(100,'Joelle','Wuckert','koss.dorothy@example.org','340-969-9512x372','1970-09-04','minus','m',4,'1990-05-12 06:08:27','3ce3f5bd6204d3b028f8d1132e765de78548ed20');
/*!40000 ALTER TABLE `users` ENABLE KEYS */;
UNLOCK TABLES;

--
-- Table structure for table `users_communites`
--

DROP TABLE IF EXISTS `users_communites`;
/*!40101 SET @saved_cs_client     = @@character_set_client */;
/*!50503 SET character_set_client = utf8mb4 */;
CREATE TABLE `users_communites` (
  `user_id` bigint unsigned NOT NULL,
  `community_id` bigint unsigned NOT NULL,
  PRIMARY KEY (`user_id`,`community_id`),
  KEY `community_id` (`community_id`),
  CONSTRAINT `users_communites_ibfk_1` FOREIGN KEY (`user_id`) REFERENCES `users` (`id`),
  CONSTRAINT `users_communites_ibfk_2` FOREIGN KEY (`community_id`) REFERENCES `communites` (`id`)
) ENGINE=InnoDB DEFAULT CHARSET=utf8 COLLATE=utf8_unicode_ci;
/*!40101 SET character_set_client = @saved_cs_client */;

--
-- Dumping data for table `users_communites`
--

LOCK TABLES `users_communites` WRITE;
/*!40000 ALTER TABLE `users_communites` DISABLE KEYS */;
INSERT INTO `users_communites` VALUES (82,1),(29,2),(78,2),(80,2),(10,3),(26,3),(94,3),(99,3),(1,4),(59,4),(66,4),(15,5),(57,5),(61,5),(1,6),(57,6),(13,7),(48,7),(7,8),(12,8),(14,8),(83,9),(61,10),(67,10),(68,10),(8,11),(23,11),(25,11),(70,11),(80,11),(85,11),(87,11),(88,11),(58,12),(65,12),(84,12),(87,12),(93,12),(20,13),(50,13),(41,15),(52,15),(56,15),(70,15),(83,15),(85,15),(25,16),(29,16),(75,16),(85,16),(51,17),(85,17),(46,18),(76,18),(35,19),(75,19),(92,19),(40,20),(55,20),(83,20),(94,20),(15,21),(27,21),(30,21),(35,21),(36,21),(70,21),(100,21),(8,22),(17,23),(61,23),(62,23),(4,24),(13,24),(33,24),(47,24),(74,24),(84,24),(93,24),(78,25),(37,26),(69,26),(90,26),(99,26),(2,27),(53,27),(5,28),(10,28),(16,29),(34,29),(45,29),(53,29),(13,30),(51,30),(63,30),(74,30),(88,30);
/*!40000 ALTER TABLE `users_communites` ENABLE KEYS */;
UNLOCK TABLES;
/*!40103 SET TIME_ZONE=@OLD_TIME_ZONE */;

/*!40101 SET SQL_MODE=@OLD_SQL_MODE */;
/*!40014 SET FOREIGN_KEY_CHECKS=@OLD_FOREIGN_KEY_CHECKS */;
/*!40014 SET UNIQUE_CHECKS=@OLD_UNIQUE_CHECKS */;
/*!40101 SET CHARACTER_SET_CLIENT=@OLD_CHARACTER_SET_CLIENT */;
/*!40101 SET CHARACTER_SET_RESULTS=@OLD_CHARACTER_SET_RESULTS */;
/*!40101 SET COLLATION_CONNECTION=@OLD_COLLATION_CONNECTION */;
/*!40111 SET SQL_NOTES=@OLD_SQL_NOTES */;

-- Dump completed on 2020-11-18 21:57:04
